url,length_url,google_index,nb_hyperlinks,nb_subdomains,domain_age,length_words_raw,char_repeat,ratio_extHyperlinks,status
https://www.rga.com/about/workplace,35,0,97,2,11039,4,3,0.030927835,legitimate
http://starasia.com.hk,22,0,168,2,-1,1,0,0.220238095,legitimate
https://www.youtube.com/watch?v=XszqITK-UEw,43,0,52,2,5636,6,3,0.442307692,legitimate
http://www.civico1845.com/,26,0,39,2,1938,2,3,0.41025641,legitimate
http://rapidpaws.com/wp-content/we_transfer/index2.php?email=/,62,1,1,2,1853,8,0,0.0,phishing
https://mykoreankitchen.com/dak-galbi/,38,0,328,1,-1,3,0,0.091463415,legitimate
http://support-appleld.com.secureupdate.duilawyeryork.com/ap/e5a6cdb508f0848?cmd=_update&dispatch=e5a6cdb508f08484d&locale=_US,126,1,51,3,3992,13,2,0.0,phishing
http://quiluc.com.vn,20,0,0,2,-1,1,0,0.0,legitimate
http://www.astro.com/astrology/tma_article160706_e.htm,54,0,340,3,8554,7,3,0.011764706,legitimate
https://huggybearheadcanon.tumblr.com/#_=_,42,0,60,2,5160,3,1,0.183333333,legitimate
https://h4w.livejournal.com/,28,0,148,2,7772,2,0,0.7905405409999999,legitimate
http://wikobbonline.com/verifying.htm?REDACTED,46,1,17,2,0,4,1,0.0,phishing
http://www.webopedia.com/quick_ref/portnumbers.asp,50,0,168,3,8147,6,3,0.375,legitimate
http://www.petitcitron.com/,27,0,157,2,4624,2,3,0.0764331209999999,legitimate
http://www.wikiwand.com/fr/United_States_Pacific_Command,56,1,55,2,2388,7,4,0.145454545,legitimate
http://handle.booktobi.com/img/rank,35,1,0,2,4633,4,1,0.0,phishing
https://verif-main2d.blogspot.com,33,1,14,2,7297,3,0,0.928571429,phishing
http://www.imeipro.info/att-imei-check.html,43,0,113,3,1675,6,4,0.061946903,phishing
https://www.avd.brfbadssecrsavrdskl.my.id/m.id.help.htm,55,1,26,3,1,7,4,0.115384615,phishing
http://www.ita30horas.net/,26,1,0,2,70,2,3,0.0,phishing
http://www.3g4g.co.uk/Hspa/HSPAE_Pres_0811_Andreas.pdf,54,0,0,3,5985,8,4,0.0,legitimate
http://mxtoolbox.com/DnsLookup.aspx,35,0,76,2,5779,3,2,0.039473684,legitimate
http://mail.hethartthuiszorg.nl/~u43730p39181/pki-validation,60,1,0,2,667,5,1,0.0,phishing
http://www.williampermuysalon.com/wp-admin/network/Goooo/Gdriveeee/googledrive/,79,1,15,2,2295,8,17,0.8666666670000001,phishing
https://www.npmjs.com/node-red,30,0,50,2,3777,4,3,0.24,legitimate
http://189.36.52.206/#!/login,29,0,10,3,-1,10,0,0.1,phishing
https://uns.ac.id/id/,21,0,59,2,7951,2,0,0.3559322029999999,legitimate
https://www.slideshare.net/kshitiz_goel/open-source-revenue-model,65,0,197,2,5224,8,3,0.299492386,legitimate
https://en.wikipedia.org/wiki/Batting_average,45,0,265,2,7131,5,1,0.033962264,legitimate
http://www.surfacespa.com/au/,29,1,0,2,3593,3,3,0.0,phishing
http://www.mgn.ru/,18,0,93,2,8067,2,3,0.139784946,legitimate
https://www.w3schools.com/jsreF/jsref_obj_date.asp,50,0,1294,3,7427,7,4,0.00309119,legitimate
https://www.gamespot.com/genre/adventure/pc/,44,0,158,2,8957,5,3,0.398734177,legitimate
https://www.w3schools.com/hTml/html_links.asp,45,0,352,3,7427,6,4,0.011363636,legitimate
https://www.skecherstanio.pl/,29,0,124,2,317,2,3,0.0806451609999999,phishing
https://www.computerhope.com/asoftwar.htm,41,0,887,3,8048,4,3,0.009019166,legitimate
http://trbetasusgiiris2.blogspot.com,36,1,14,2,7295,2,1,0.928571429,phishing
http://www.takesaspark.com/wp-active/minx/png/secure/filewords/,63,1,0,2,255,8,3,0.0,phishing
http://golosavk.vipshop.ru,26,1,12,2,7446,2,0,1.0,phishing
http://kodi.wiki/view/Basic_controls,36,0,183,1,2247,4,0,0.032786885,legitimate
http://starpolitics.politicallimit.com/,39,1,9,2,-1,2,1,0.444444444,phishing
https://www.secureupdate.appleld.com.duilawyeryork.com/ap/468a8285fe41d75/?cmd=_update&dispatch=468a8285fe41d7559&locale=_US,124,1,51,3,3993,13,5,0.0,phishing
https://www.missfiga.com/,25,0,211,2,2041,2,4,0.0663507109999999,legitimate
https://blog.demandmetric.com/2008/08/06/target-market-selection-segmentation-and-positioning,93,0,48,2,5118,11,1,0.1875,legitimate
https://login.microsoftonline.com/aa687de1-52b4-4b91-9b35-794eba4fd892/oauth2/authorize?client_id=00000003-0000-0ff1-ce00-000000000000&response_mode=form_post&response_type=code%20id_token&resource=00000003-0000-0ff1-ce00-000000000000&scope=openid&nonce=F8E39448E7F455909658C6541B1D4188B5AF5FF41A82B0C7-76F2FDDAB526860B987CC05525FB5D9EF62A21217264DAAAEC8765DBF0C7B204&redirect_uri=https:%2F%2Fossm-my.sharepoint.com%2F_forms%2Fdefault.aspx&wsucxt=1&cobrandid=11bd8083-87e0-41b5-bb78-0bc43c8a8e8a&client-request-id=be6a829e-c01e-6000-e679-24fcba0302ac,550,1,12,3,6591,64,146,0.666666667,legitimate
http://fiaya.webout.life/,25,1,8,2,104,2,0,0.0,phishing
http://www.nobleflash.com/,26,0,14,2,5029,2,3,1.0,legitimate
https://www.onlinepianist.com/sheet-music,41,0,63,2,3996,4,4,0.206349206,legitimate
http://www.makeuseof.com/tag/6-free-websites-public-domain-images-free-stock-photos/,84,0,95,2,5136,12,5,0.568421053,legitimate
http://kbagro.co.th/,20,0,0,2,2208,1,0,0.0,phishing
http://gurpreeth.blogspot.com/,30,0,21,2,7298,2,1,0.7142857140000001,legitimate
http://prekese.dadeschools.net/-docs/ForTeachers/TeacherHandbook/esy/ESY%20Self-Help%20List.pdf,95,1,0,3,7431,11,2,0.0,legitimate
http://lonestarsanitation.com/wp-includes/SimplePie/Cache/zamalik/dafa/myaccount/update_billing/,96,1,5,1,835,10,2,0.0,phishing
https://www.xhkzv.com/,22,0,162,2,1159,2,3,0.5555555560000001,legitimate
http://bioatomic.tumblr.com,27,0,104,2,5158,2,0,0.125,legitimate
http://mucins.weebly.com/13-protocols-and-standards.html,56,0,36,3,5230,7,1,0.222222222,legitimate
https://www.lallardelmusic.com/,31,0,39,2,5421,2,4,0.051282051,legitimate
https://feciusa-my.sharepoint.com/:b:/g/personal/bwhite_feci-usa_com/EXF4drujP9hFkaRikIbTyz8BenxKv2kqD_yHVRvLJoLBjQ?e=4%3auL4G4J&at=9,133,0,26,2,8019,17,0,0.884615385,phishing
http://www.larapedia.com/definition_and_meaning_of/portable_document_format_definition_and_meaning.html,103,1,12,3,3453,13,3,0.0,legitimate
https://ariya.io/2012/04/javascript-switch-case-deoptimization,62,0,43,1,-1,7,0,0.186046512,legitimate
http://eudocumnt18001sec389058yr20mn7.nn.r.appspot.com/,55,1,22,3,5616,4,3,0.772727273,phishing
http://marketinghelper.com.au/themes/sports/wp-content/net/d2ed45a52bc0edfa11c2064e9edee8bf/,92,1,11,2,-1,7,2,0.0,phishing
http://www.tutorialspoint.com/software_architecture_design/software_architecture_design_tutorial.pdf,100,0,0,3,5044,10,3,0.0,legitimate
http://palcalgary.ca/brochure/lam.html,38,1,5,2,6083,4,0,0.8,phishing
http://78.143.96.35/wordpress/gam/index.php?bidderblocklogin=&amp;hc=1&amp;hm=,78,1,25,3,-1,16,2,0.84,phishing
http://harcomputer.com/http/match/,34,1,37,1,1369,3,1,0.0,phishing
https://andrewcasares.com/huy/oneddrive,39,1,13,1,-1,3,1,0.153846154,phishing
https://www.brookings.edu/blog/techtank/2015/07/02/cuba-slowly-expands-internet-access/,87,0,50,2,8721,12,6,0.36,legitimate
http://cr43245.tmweb.ru/system/logs/Validation/mail.htm?cmd=LOB=RBGLog,70,1,11,3,5136,10,0,0.363636364,phishing
http://www.definitions.net/definition/STANDARD%20ERROR,54,1,208,2,6672,5,4,0.403846154,legitimate
http://het-impp11.com/servi-mail-pro-webb111928270383jksddkjsdjks191171927282827383322/65161e73848c8bbbf7a4bc07e77a8454/sms.html,128,1,4,2,276,9,14,0.0,phishing
https://acda.org.br/56-00.6.40_24-0612-630_.hrendd46.000777-447.1.000_210-533-0245_.7hhr577743.98147644hg-6555.7.8000_5110-7/836gn77391v539-83628.63bnxds538_836stilous3e7_738shnx7-735.n537.php,192,1,20,3,-1,31,26,0.0,phishing
https://grid.ac/,16,0,49,1,1820,1,0,0.06122449,legitimate
http://pornseks.zyns.com/login.php,34,1,103,3,7062,4,0,0.067961165,phishing
http://steamproxy.net/app/324800,32,1,151,1,496,3,2,0.556291391,phishing
http://www.tulsarealgoodfood.org/,33,0,88,2,1549,2,5,0.147727273,legitimate
http://www.dictionary.com/browse/segmented,42,0,130,2,9202,4,3,0.192307692,legitimate
http://ping.eu/,15,0,47,1,-1,1,0,0.042553191,legitimate
http://inaceinox.pt/admin/calendar/security/Update/myaccount/signin/,68,1,12,1,-1,7,1,0.333333333,phishing
https://www.freshcouponsdaily.com/,34,0,130,2,1400,2,3,0.007692308,legitimate
http://www.get-piano-lessons.com/layout-piano-keys.html,55,0,29,3,4887,8,4,0.275862069,legitimate
https://www.sideways-media.com/,31,0,112,2,5065,3,3,0.0625,legitimate
https://www.facebook.com/DiscFamily/,36,0,53,2,8518,3,4,0.377358491,legitimate
http://www.techsupportalert.com/best-free-file-manager.htm,58,0,322,3,7226,7,5,0.155279503,legitimate
https://lavieshopping.pt/,25,0,22,1,-1,1,1,0.409090909,legitimate
http://www.dmega.co.kr/dmega/data/qna/sec/page.php?email=ZmFpdGhAc2VtYW50aWMuaW5mbw==,85,1,92,3,5186,10,3,0.0,phishing
https://vbf9iuherwiu.wl.r.appspot.com/linkedrecruiter.html,58,1,21,3,5616,6,1,0.80952381,phishing
http://www.railserve.com/Computers/swf/switchman_train_game.html,64,0,35,3,8604,8,3,0.0,legitimate
https://surb.madebyhaley.com/htn?tu=Z4NwlG1ocGKclX2mmHKTaIF_YKCDomZjbGKjY31y/amuehlem%40gmx.ch,94,1,42,3,134,9,1,0.095238095,phishing
http://www.shadetreetechnology.com/V4/validation/803dafdc4e8515898ed07f9c1b80901d,81,1,30,2,5767,5,4,0.033333333,phishing
http://my3.uk-verifyid.com,26,1,0,2,137,3,0,0.0,phishing
http://www.saghomedecor.com/wp-includes/js/us/regrodc/indexs.php,64,1,4,3,157,9,3,0.0,phishing
http://ixorboxclien.yolasite.com/,33,0,32,2,4489,2,0,0.09375,phishing
http://avitishospital.com/admin/uploads/Ledirect.php,52,1,107,2,1528,5,0,0.065420561,phishing
"https://login.live.com.office.flagstarbancorp.myshn.net/gls.srf?urlID=MSNPrivacyStatement&mkt=EN-US&vv=1600&uaid=0bba6edf82de4d0488fd3d7255e54bf6',Ay:'',C9",155,1,1,3,2975,18,7,0.0,phishing
http://www.traffic.com/,23,0,552,2,9438,2,4,0.222826087,legitimate
http://mshsapbiology.weebly.com/uploads/1/1/6/4/11645333/walruses_whales_and_hippos_oh_my.pdf,93,0,0,3,5232,15,6,0.0,legitimate
https://thesorrowandthepit64.wordpress.com/,43,0,115,2,7448,2,2,0.443478261,legitimate
http://www.aluminioyvidriosjimmy.com/Gullywirebankwire/doc/file.index.htm,73,1,6,3,2941,7,5,0.0,phishing
https://www.barcoderobot.com/,29,0,74,2,4880,2,3,0.054054054,legitimate
http://facebook.id128-sync.com/login.php,40,1,13,3,75,5,1,0.153846154,phishing
https://www.maximaequisport.ru/,31,0,78,2,2006,2,3,0.08974359,legitimate
http://bgdirectory.net/js,25,1,0,1,3753,2,0,0.0,phishing
https://philosophyblognssr.wordpress.com/,41,0,56,2,7449,2,2,0.8035714290000001,legitimate
https://www.toltyarnandwool.com/,32,0,56,2,2658,2,4,0.125,legitimate
http://bioenergiasilesia.pl/mail/sign-login-page/wp-index-mail-server.sent.approved/,84,1,23,3,3242,11,1,0.173913043,phishing
http://webehigh.org/nice-france/,32,0,30,1,2899,3,0,0.6333333329999999,legitimate
http://servicenoticealert.tbrada.pw/ServicesUpgrade/myaccount/index.html,72,1,23,3,976,6,1,0.304347826,phishing
http://www.theironinnparlour.co.uk/includes/PayPal/app/index,60,1,587,3,3245,6,5,0.030664395,phishing
http://www.newsnow.co.uk/h/Science/Archaeology,46,0,443,3,8488,5,3,0.022573363,legitimate
http://www.cablek.com/technical-reference/cat-5---5e--6--6a---7--standards,74,1,639,2,9035,11,3,0.00312989,legitimate
https://www.starobserver.org/,29,0,53,2,4930,2,3,0.79245283,legitimate
http://www.midyatmimaritas.com/wp-includes/images/media/document/3253/,70,1,38,2,778,8,3,0.578947368,phishing
https://redirectlyoseven.web.app/kl/wone.html?email=jtsoi@enevate.com,69,1,0,3,574,9,0,0.0,phishing
http://psychology.wikia.com/wiki/Cladistics,43,0,462,2,6069,4,0,0.194805195,legitimate
https://4ofd7s4rv-c1sok9q5a.vercel.app/,39,1,0,2,189,3,0,0.0,phishing
https://www.centre-presse.fr/,29,0,973,2,7365,3,4,0.043165468,legitimate
http://www.dd-wrt.com/wiki/index.php/WOL,40,1,98,3,5621,7,4,0.102040816,legitimate
http://jeticdesigns.asia/wp-includes/js/tinymce/plugins/hr/content/update/webmail.php,85,1,58,2,4505,11,0,0.0,phishing
http://webmail.securescs.com/,29,1,14,2,-1,2,0,0.571428571,phishing
https://303e7a2d-afff-43d6-9bc2-a1c9f810d0b1.htmlcomponentservice.com/get_draft?id=96c871_39d1eee16c26eff7fabe1ba646529cb6.html,127,1,51,3,1669,12,7,0.411764706,phishing
http://www.sonnettech.com/product/computercards/,48,0,85,2,9021,4,5,0.023529412,legitimate
http://www.mxcircuit.fr,23,0,126,2,5071,2,3,0.111111111,legitimate
https://www.urdupoint.com/,26,0,31,2,7389,2,3,0.516129032,legitimate
https://www.netcologne.de/,26,0,125,2,-1,2,3,0.072,legitimate
http://yovcxm.com/chase/Chase/c744ccf70e111035c0759c086744aeb8,62,1,48,1,-1,4,6,0.0,phishing
https://www.secureupdate.appleld.com.duilawyeryork.com/ap/2580d5c4a79eb56?cmd=_update&dispatch=2580d5c4a79eb56ac&locale=_,121,1,4,3,4004,12,4,0.0,phishing
http://mail.royagainstms.nl/~u43730p39181/pki-validation,56,1,0,2,529,5,0,0.0,phishing
http://azreptile.com/ticket/inc/index.php,41,1,34,2,7552,5,0,0.794117647,phishing
https://www.apreltech.com/Free/Wake_on_lan_Packet_Sniffer,57,1,64,2,3850,8,5,0.046875,legitimate
http://encyclopedia.kids.net.au/page/im/Impact_event,52,0,26,3,-1,6,0,0.423076923,legitimate
http://aspopontoglio.it/blog/profile/,37,1,0,1,6377,3,0,0.0,phishing
http://hepsibahisgirisimiz4.blogspot.com,40,1,14,2,7295,2,0,0.928571429,phishing
http://www.snuiret.com/amazon/mazon/amazon,42,1,28,2,-1,5,3,0.0,phishing
http://www.how-to-pray-the-rosary-everyday.com/,47,0,29,2,4146,7,3,0.5862068970000001,legitimate
https://www.papermasters.com/freud-latency-stage.html,53,0,39,3,8096,6,3,0.025641026,legitimate
https://www.careersinmusic.com/celebrity-bodyguard/,51,0,51,2,7856,4,4,0.294117647,legitimate
http://echoesanddust.com/2014/05/lord-mantis-death-mask/,56,0,46,1,4489,7,1,0.434782609,legitimate
http://controllers360.000webhostapp.com/,40,1,232,2,1546,2,5,0.5215517239999999,phishing
https://www.nationalcatday.com/,31,0,26,2,4546,2,3,0.961538462,legitimate
https://04040-dot-bles05.wn.r.appspot.com/?t=1&amp;e=frank.dicristina@allnex.com,80,1,0,3,5612,13,2,0.0,phishing
http://pudhari.news,19,0,173,1,1301,1,0,0.069364162,legitimate
http://www.bionity.com/en/encyclopedia/Digene.html,50,1,261,3,7371,6,3,0.122605364,legitimate
https://zoomic.io/wp-includes/neworder/bizmail.php?email=&amp;_rand=13vqcr8bp0gud&amp;lc=1033&amp;id=64855&amp;mkt=en-us&amp;cbcxt=mai&amp;snsc=1,145,1,8,2,-1,21,3,0.0,phishing
http://www.chqryurim.co.kr/asapro/photo/display/configfile/c/comcast.php,72,1,5,3,2695,9,3,0.6,phishing
http://www.apkhere.com/app/com.smartprojects.ramoptimization,60,0,77,3,2403,6,4,0.012987013,legitimate
https://www.programmasviluppo.com/wp-content/uploads/2019/10/safe-mode.htm,74,1,0,3,553,10,5,0.0,phishing
"https://en.wikibooks.org/wiki/Geometry/Points,_Lines,_Line_Segments_and_Rays",76,0,106,2,6212,10,1,0.141509434,legitimate
https://www.lowestoftauctionrooms.com/,38,0,8,2,6314,2,4,0.125,legitimate
https://trusting-lamport-4cdd7f.netlify.app/?realm=gQhOWhn2qyxmqTlMSJrz2COm1QFn0lKgc159jtbJ1J5rCrdvaF5dhTAjJfHJBrZNt5WMy8wzRC0u3e0eU5rcY2vIidrTErG8wCU5LqFD2G76U8kPeM1cOxU7Km0pNGxkjsq5T5IWLQ2GYnvc9xpY4k5PG5fuMNP6ffb9lT57J8NIvjVFQkDVEILlO0QANFH3VSchMiowrbeXv9Cmugh9Z2vN3loQ15TXY6eKoCgQOvNkFpGaFXjE0Os3aQTbWN8UTnFiZW9OsW87mOh2MBGMq9PA0JLWxURrixKhtT6VPf3c&color=bhakti.shah@beacontrust.com,385,1,23,3,804,11,7,0.0,phishing
http://valallos.labellemontagne.com/wp-content/daily_activity/2015-06-10_activite.html,86,1,26,3,6070,11,2,0.461538462,phishing
http://secureupdate.appleld.com.duilawyeryork.com/ap/9d5d507c6bb00cc?cmd=_update&dispatch=9d5d507c6bb00ccae&locale=_us,118,1,51,3,3992,12,7,0.0,phishing
http://www.joinngrubwa.itsaol.com/login.php,43,1,103,3,7050,5,4,0.067961165,phishing
https://vikatmillers.com/.well-known/acme-challenge/4194951919/,63,1,0,2,1784,6,3,0.0,phishing
http://www.indeed.com/cmp/Automation-Personnel-Services,55,0,115,2,8151,6,5,0.260869565,legitimate
http://cns-international2.com/ssss.htm,38,1,0,2,3608,4,6,0.0,phishing
https://congresolenguas.uicui.edu.mx/plugins/authentication/cookie/office2020/office,84,1,24,3,2974,7,3,0.708333333,phishing
http://124.156.218.50/ap/signin?key=a@b.c,41,1,21,3,-1,14,0,0.571428571,phishing
https://nabtrade.finance.janisoncloud.com/pages/nabtrade_homepage,65,1,1,3,2719,6,0,1.0,phishing
http://officialismsschwartze.net/,33,1,0,1,396,1,2,0.0,phishing
http://www.2345daohang.com/,27,0,219,2,3932,2,3,0.02283105,legitimate
https://zipansion.com/3lqqn,27,1,10,1,968,2,1,0.9,phishing
https://mauy.org/PH/docusign/DocuSign/u.php?l=DHl-dTracking_=_JeHFUq_VJOXK0QWHtoGYDw=_JeHFUq_VJOXK0QWHtoGYDw=_JeHFUq_VJOXK0QWHto=,129,1,11,2,-2,15,0,0.090909091,phishing
http://paypalsupportg.webcindario.com/PAYPAL.html,49,1,1,3,7083,4,1,1.0,phishing
https://sites.google.com/site/unblockccxx/,42,1,1,2,8348,4,3,1.0,phishing
http://dictionary.sensagent.com/OSI%20model/en-en/,50,1,890,2,7119,6,0,0.075280899,legitimate
http://www.wikihow.com/Use-a-Computer-Mouse,43,0,223,2,5886,6,3,0.058295964,legitimate
https://esadar.com/crypt/fmtp/index.php?email=david@tecnoconverting.com,71,1,2,3,2294,9,0,0.0,phishing
https://www.learnnext.com/user/signUpNew.htm,44,1,132,3,-1,5,4,0.098484848,legitimate
https://webdesignmarket.com.au/,31,0,46,2,-1,1,0,0.52173913,legitimate
https://www.cozyarray.com/,26,0,220,2,3291,2,4,0.063636364,legitimate
https://support-appleld.com.secureupdate.duilawyeryork.com/ap/e0a8f8c89259c0d?cmd=_update&dispatch=e0a8f8c89259c0d9b&locale=_US,127,1,4,3,4004,13,2,0.0,phishing
https://www.techwalla.com/articles/how-to-insert-a-line-segment-symbol-in-microsoft-word,88,0,68,2,1925,13,4,0.147058824,legitimate
http://halestelevision.co.uk/components/com_contact/cz/4f2ce4697b27ae19dcb701e5c4a09029/,88,1,64,2,3206,6,0,0.921875,phishing
http://www.dictionarist.com/image+scanner,41,1,16,2,4822,3,4,0.1875,legitimate
http://vieuxshack.com/download/adobe/0bbab0b2b60e16b83f96d7640907934e/login.php?cmd=login_submit&amp;amp;amp;amp;amp;amp;amp;amp;amp;amp;id=fa8b97a8d014ec5764083d5f3483fbebfa8b97a8d014ec5764083d5f3483fbeb&amp;amp;amp;amp;amp;amp;amp;amp;amp;amp;ses,248,1,5,2,7816,12,1,0.0,phishing
https://www.facebook.com/savers,31,0,127,2,8520,3,4,0.645669291,legitimate
http://www.fibersystems.com/pdf/naval/M28876_Catalog_8.5x11-rev6.pdf,68,1,0,3,8674,10,5,0.0,legitimate
https://thecdm.ca/news/faculty-news/2013/10/15/what-is-digital-media,68,1,170,1,3075,11,0,0.147058824,legitimate
http://www.maprotec.de/plugins/login/LoginCPSession.html,56,1,110,3,-1,6,4,0.0,phishing
https://mywebarticle.com/$%25/,30,1,0,1,116,3,0,0.0,phishing
https://www.phorsa.com/,23,0,191,2,3496,2,3,0.8481675390000001,legitimate
http://www.physiologyweb.com/lecture_notes/membrane_transport/secondary_active_transport.html,93,0,7,3,3596,10,3,0.142857143,legitimate
https://wh494528.ispot.cc/updateaddress.php,43,0,154,3,2101,4,2,0.051948052,phishing
http://rextraening.dk/wp-content/plugins/salem/enter/DHLa,57,1,0,1,2130,7,0,0.0,phishing
https://www.newcommunities.ie/,30,0,61,2,4913,2,4,0.278688525,legitimate
http://www.elegant-travel.de/,29,0,78,2,-1,3,3,0.051282051,legitimate
http://goldcompass.ru/web/search/Latency%20Stage%20Psychology,61,1,0,1,-2,6,1,0.0,legitimate
https://www.impotspublicservice.com/8f6c2005856507a5981b73c5594988a6/,69,1,88,2,152,3,6,0.102272727,phishing
http://eng.ohmyfiesta.com/2014/03/mickey-mouse-head-templates.html,66,0,204,3,2654,9,0,0.534313725,legitimate
http://test96316.test-account.com/adobee/adobefile/Investor/,60,1,27,2,6638,6,2,0.0,phishing
http://www.publishroom.com/,27,0,86,2,4174,2,4,0.395348837,legitimate
http://en.rfwiki.org/wiki/Voltaire_(musician),45,1,3,2,257,5,0,0.333333333,legitimate
http://www.refinery29.com/2016/03/104264/mickey-mouse-clubhouse-90s,67,1,71,2,5720,9,3,0.225352113,legitimate
https://forum.sexabout.ru/styles/images/home/login.php,54,1,74,3,768,7,0,0.121621622,phishing
https://ift2y.csb.app/,22,0,16,2,806,2,0,0.5,phishing
http://www.limbonganmaju.com/management/administrative/document.php,67,1,2,3,3317,6,3,0.5,phishing
http://support-appleld.com.secureupdate.duilawyeryork.com/ap/78816aad8eccc21,76,1,51,3,3993,7,7,0.0,phishing
https://www.codeproject.com/articles/614028/WebControls/,56,1,413,2,7559,5,3,0.196125908,legitimate
http://dearcustmireservice.berdary.com/file/files/customer_center/customer-IDPP00C292/myaccount/signin/,103,1,4,2,1570,10,3,0.0,phishing
https://www.rocky-road.com/index2.html,38,0,95,3,7681,5,3,0.105263158,legitimate
http://icloud.com-cc.live/,26,1,17,2,220,3,1,0.588235294,phishing
https://www.maxfurn.com/nl/,27,0,10,2,5958,3,3,0.0,legitimate
http://logln-office365-0nline.wm.r.appspot.com/linkedrecruiter.html,67,1,22,3,5616,8,2,0.818181818,phishing
http://www.tech-faq.com/active-directory.html,45,0,39,3,5910,6,3,0.435897436,legitimate
http://www.panynj.gov/path/,27,0,5,2,-1,3,3,0.2,legitimate
http://www.uniserwis.biz/js/ca/googledoc/wr/cd/,47,1,15,2,2573,7,4,0.2,phishing
https://www.marketingprofs.com/charts/2012/8560/email-open-and-click-rates-benchmarks-trends,92,0,123,2,7535,12,3,0.097560976,legitimate
http://www.4gon.co.uk/pdf_datasheet.php?products_id=6400,56,0,0,3,4503,8,5,0.0,legitimate
http://mailru.vipshop.ru,24,1,12,2,7446,2,0,1.0,phishing
http://www.spanishdict.com/translate/so%C3%B1ar,47,0,147,2,7721,6,3,0.272108844,legitimate
http://cafecitoperez.ivanidzakovic.com/admin/aociufd/goodl.vci/e6edcebab88867a2f99a346ebaaf8179/view/login.php?cmd=login_submit&amp;id=f7d4a85c3588b5be032bea66d54f3a59f7d4a85c3588b5be032bea66d54f3a59&amp;session=f7d4a85c3588b5be032bea66d54f3a59f7d4a85c3588b5be032bea66d54f3a59,276,1,2,3,1653,17,15,1.0,phishing
http://178.33.67.12/,20,0,55,3,-1,8,2,1.0,phishing
http://vtennis.vn/uploads/3/2/2/en/mpp/Login/complete.php,57,1,1,2,-1,10,2,0.0,phishing
http://msmamath.weebly.com,26,0,146,2,5232,2,1,0.020547945,legitimate
https://support-appleld.com.secureupdate.duilawyeryork.com/ap/23668618ba0c08f/?cmd=_update&dispatch=23668618ba0c08f0c&locale=_US,128,1,4,3,4003,13,4,0.0,phishing
https://www.learningandthebrain.com/,36,0,28,2,-1,2,3,0.464285714,legitimate
http://meuinformebb.tk/,23,1,0,1,-1,1,1,0.0,phishing
http://usedcopiersaustin.com/service/login/1/,45,1,4,1,3318,4,0,0.0,phishing
http://filmeleporno.xxx,23,0,145,1,1997,1,0,0.165517241,legitimate
https://www.zotero.org/portandstarboard,39,1,34,2,5075,3,3,0.0,legitimate
http://www.nokia.com/hu_hu/phones/nokia-3310,44,1,158,2,10605,7,4,0.132911392,legitimate
http://rbelectricidad.cl/ihrfall253090670157595&amp;cgi3-viewkontakt-253090670157595-007acctpagetype-253090670157595=02938-problema&amp;mail@swe-handel.de.html,159,1,31,3,-1,14,3,0.516129032,phishing
http://www.icterranuova.it/,27,0,165,2,6209,2,4,0.072727273,legitimate
http://promohinotruck.com/wp-content/plugins/indexx/en-tk/xcp.php?ema,69,1,9,2,220,10,1,0.5555555560000001,phishing
http://centromusicalpaternense.es/wp-includes/css,49,1,85,1,-1,4,1,0.0,phishing
https://www.msi.com/comparison/vga,34,1,124,2,10524,4,3,0.096774194,legitimate
https://www.kidscoloringpdf.com/wp-content/xxx/2020dhl_topscript/dhl_topscript/source/index.php,95,1,4,3,1797,12,6,0.0,phishing
https://www.hackerearth.com/practice/machine-learning/advanced-techniques/text-mining-feature-engineering-r/tutorial/,117,0,65,2,2884,13,4,0.1692307689999999,legitimate
http://tugaskusmansa.blogspot.com/,34,0,24,2,7296,2,0,0.916666667,legitimate
https://snip.ly/www.netflix.com-signIn-account/?userid=UidAq0Y3,63,1,21,3,2344,8,4,0.0,phishing
http://anjoe.com/js/www.loginalibaba.com/alibaba/,49,1,2,3,7528,6,3,0.0,phishing
https://www.seatmaestro.com/airlines-seating-maps/latam-airlines/check-in/,74,0,49,2,5511,9,3,0.081632653,legitimate
http://www.macworld.co.uk/feature/iphone/best-iphone-7-headphone-adapters-3646344/,82,1,126,3,8759,10,4,0.246031746,legitimate
https://hnhkzevk.firebaseapp.com/,33,1,22,2,2840,2,1,0.681818182,phishing
https://www.santarms.com/w_hld/a1/it0/qrt_9n/1_*/0_/sr/cmd-login=012962f7ce4c0854415e6bd264535560/?reff=NWQxNWVhM2U5M2JhZjcwOWRmOTczY2FiMjI1ZjZiZWY=,148,1,4,2,883,17,6,1.0,phishing
https://investangier.com/res/login.php,38,1,85,2,5529,4,0,0.870588235,phishing
https://cartaoitau.sslblindado.com/2.0/promocao/descontao/card/home.php,71,1,8,3,4632,9,1,0.0,phishing
http://tunein.com/radio/NBC-Nightly-News-p107340/,49,1,75,1,8852,6,0,0.586666667,legitimate
http://encryptdrive.booogle.net/?state={ids:[1zsW2sDoRx1jgl1y1_XDtGIxXpkoMS27F],79,0,22,2,5056,6,4,0.227272727,phishing
http://wiki.secondlife.com/wiki/Second_Life_Railroad/SLRR_Switch,64,0,146,2,6661,8,1,0.054794521,legitimate
https://twitter.com/optionsxpress,33,1,25,1,7491,2,2,0.48,legitimate
http://psykologidialog.dk/wp-admin/up.php,41,1,0,2,2781,5,0,0.0,phishing
http://lekhankunja.com/wellsfargo/session/signin.php,52,1,63,2,785,5,2,0.301587302,phishing
https://kongrespdgi.com/asset/ajax/onlin/WellsEmail/WellsEmail/login.php?cmd=login_submit&amp;amp;id=8f02a56b310c43264922b3d51987893a8f02a56b310c43264922b3d51987893a&amp;amp;session=8f02a56b310c43264922b3d51987893a8f02a56b310c43264922b3d51987893a,246,1,16,2,241,15,8,0.0625,phishing
https://hwtswecy.livedrive.com/item/19d0f5d65ac34830a09f270065f20f02,68,1,18,2,5990,4,1,0.166666667,phishing
https://smartenergysolutions.co.nz/,35,0,62,2,-1,1,0,0.064516129,legitimate
https://www.tiendeo.us/Stores/colorado-springs-CO/save-a-lot,60,0,77,2,-1,9,3,0.220779221,legitimate
https://sites.google.com/site/libretyreserve/,45,0,29,2,8349,4,1,0.517241379,phishing
http://xn--wellness-rhn-fjb.de/wp-content/logo/Whatsapp/,56,1,27,1,-1,8,3,0.222222222,phishing
http://matbetgir1.blogspot.com,30,1,14,2,7295,2,0,0.928571429,phishing
http://www.gioielleriaroberti.it/blog/profile/,46,1,0,2,2269,4,4,0.0,phishing
https://www.cloudflare.com/dns/dnssec/how-dnssec-works/,55,0,299,2,4175,7,5,0.040133779,legitimate
http://wiki.osdev.org/File_Systems,34,0,124,2,7276,4,0,0.040322581,legitimate
https://print-mara.firebaseapp.com,34,1,5,2,2837,3,1,0.2,phishing
http://connxupdate.be/myebranch.iccu.com/Idaho%20Central%20Credit%20Union.php,77,1,129,3,2,9,2,0.317829457,phishing
http://www.theclimatemakers.com/downloader/Maged/Account_update.htm,67,1,0,3,284,7,4,0.0,phishing
http://searchmanufacturingerp.techtarget.com/definition/computer-numerical-control-CNC,86,1,89,2,7617,7,0,0.393258427,legitimate
http://honda4fun.com/plugins/Oregonstate.html,45,1,7,2,-1,4,0,1.0,phishing
http://belizetourguides.com/libraries/windwalker/vendor/asika/joomla-console/Joomla/Console/Tests/Output/gm_css_monitor/shop_content.php/suh/urhwb/?return=sqtskuh10590n,168,1,1,2,1838,21,3,1.0,phishing
https://twitter.com/nbc4i,25,0,25,1,7490,2,1,0.48,legitimate
https://masterclimaespecialistas.com.br/wp-includes/off2/pod.php?warp=020202,76,1,11,3,-1,8,1,0.0,phishing
http://dic.academic.ru/dic.nsf/ruwiki/233279,44,0,732,3,7158,6,1,0.102459016,legitimate
http://geehee1.000webhostapp.com/,33,1,180,2,1546,2,6,0.772222222,phishing
https://www.gtc.edu/,20,0,76,2,6772,2,3,0.184210526,legitimate
http://test103126.test-account.com/AT&T-Login.htm,49,1,27,3,6636,7,1,0.0,phishing
http://mail.pwsportal.nl/~u43730p39181/pki-validation,53,1,0,2,1426,5,0,0.0,phishing
http://www.allquests.com/question/2248296-1/,44,1,12,2,-1,5,5,0.25,legitimate
http://www.electricalquizzes.com/electric-transmission-distribution/electric-transmission-distribution,102,0,61,2,3683,8,6,0.131147541,legitimate
http://sharing.com.tw/web/,26,0,0,2,7685,2,0,0.0,legitimate
https://www.britanniahotels.com/,32,0,18,2,7449,2,4,0.277777778,legitimate
https://crewscontrolmd-my.sharepoint.com/:o:/g/personal/monica_crewscontrol_com/EtsaEAgBPBJBtwZh2TOM1c4B-DGnI3J2cOvr9B9jmKY9NA?e=7PZ8vH,135,1,7,2,8018,13,0,1.0,phishing
http://galanteriafutrzana.pl/gfx/mail.live-pdf-ogh270vqu011m/hotmail.html,73,1,0,3,3032,8,1,0.0,phishing
https://gerrard.doodlekit.com/home,34,1,13,2,5208,3,2,0.307692308,phishing
https://www.imperialharvest.com,31,0,52,2,1540,2,3,0.230769231,legitimate
http://www.gvltec.edu/Computed_Tomography_catalog/,50,0,0,2,10055,5,3,0.0,legitimate
http://www.fontspace.com/category/blackletter,45,0,199,2,5396,4,4,0.115577889,legitimate
https://instagramnotice-security.com/username.php,49,1,4,2,1,4,0,0.25,phishing
http://216.222.194.94/images/social/sign-in,43,1,4,3,-1,12,6,0.0,phishing
https://www.fb327-items-market46.farmerscentre.com.ng/,54,1,4,3,683,5,3,0.0,phishing
http://baby-lim.com/gf3/seg/003,31,1,8,1,7,5,1,1.0,phishing
http://www.thescrapescape.com/cccxxxxxxxxxc/doc/doc/processing.html,67,1,6,3,4212,7,33,0.833333333,phishing
http://ilink.me/fash,20,1,41,1,4383,2,0,0.097560976,phishing
https://quotazimdata.000webhostapp.com/zm.htm,45,1,14,3,1546,4,4,0.928571429,phishing
https://www.toftrees.com/,25,0,37,2,8184,2,4,0.513513514,legitimate
http://zlsa.github.io/atc/,26,0,2,2,2693,3,0,1.0,legitimate
http://judysigner.cafe24.com/phpmyadmin/css,43,1,0,2,7733,4,1,0.0,phishing
http://aladdinstar.com/op/,26,1,0,1,-1,2,1,0.0,phishing
https://www.mesenvies.fr/,25,0,77,2,2887,2,3,0.1688311689999999,legitimate
https://www.promosdaddy.com/,28,0,272,2,978,2,4,0.007352941,legitimate
https://www.2ndswing.com/ping/golf-irons-and-iron-sets/,55,0,607,2,8159,8,3,0.009884679,legitimate
http://mail.hfcfit.com/forms/forms/form1.html,45,0,8,3,3379,6,0,0.125,phishing
http://www.midroll.com/,23,0,76,2,3685,2,4,0.197368421,legitimate
http://www.chamonixskiguide.com/,32,0,135,2,5976,2,3,0.066666667,legitimate
http://tracylalla.com/kjjk/inc/,31,1,8,1,1523,3,2,0.0,phishing
http://mail.damclub020.nl/~u43730p39181/pki-validation,54,1,0,2,4068,5,0,0.0,phishing
http://beta.kenaidanceta.com/postamok/9be92,43,1,0,2,2314,4,0,0.0,phishing
https://en.wikipedia.org/wiki/Adapter_pattern,45,0,397,2,7132,5,1,0.035264484,legitimate
http://autodiscover.sandrsecurity.com/,38,1,73,2,691,2,0,0.863013699,phishing
http://crosswordfan.com/clue/railroad-switch,44,1,22,1,2188,4,1,0.0,legitimate
http://vakantieverhuur.be/fonts/fonts/chaseind.php?cmd=login_submit&amp;id=ee4218840dfd24afb0a7f7049764dfeaee4218840dfd24afb0a7f7049764dfea&amp;session=ee4218840dfd24afb0a7f7049764dfeaee4218840dfd24afb0a7f7049764dfea,216,1,5,2,4873,12,10,0.4,phishing
http://1sultanbet.blogspot.com,30,1,14,2,7295,2,0,0.928571429,phishing
https://www.gayhotmovies.com/studio/4391/Icon-Male/,51,0,108,2,-1,6,3,0.231481481,legitimate
http://login-office365-microsoft.el.r.appspot.com/wp-content,60,1,22,3,5615,8,2,0.818181818,phishing
https://support-appleld.com.secureupdate.duilawyeryork.com/ap/b31466003a51a2b/?cmd=_update&dispatch=b31466003a51a2b07&locale=_,126,1,51,3,3993,12,6,0.0,phishing
http://erasmus-besancon.com/modules/blog/OneDrive/Share-point/login.php,71,1,6,2,5228,9,0,0.5,phishing
http://https.www.paypal.com.ttlart2012ttcysu.aylandirow.tmf.org.ru/auth/authflow/password-recovery,98,1,0,3,8412,12,7,0.0,phishing
http://www.my-car.info/,23,0,37,2,-1,3,3,0.72972973,legitimate
http://www.calorielijst.nl/,27,0,311,2,5342,2,3,0.061093248,legitimate
https://giaanhvu.com.vn/wp-content/languages/plugins/Cladoselachidae/,69,1,0,2,-1,6,1,0.0,phishing
https://www.tool-rank.com/,26,0,204,2,4648,3,4,0.029411765,legitimate
http://www.m9e4.com/labanquepostale.fr/service-mobile-pass/ac451/,65,1,5,3,135,8,4,0.0,phishing
http://dropbxdocument.yolasite.com/,35,0,37,2,4503,2,0,0.081081081,phishing
https://www.hammernutrition.com/,32,0,159,2,8649,2,4,0.018867925,legitimate
http://www.holtca.com/,22,0,597,2,-1,2,3,0.063651591,legitimate
http://steamcomnunitu.vov.ru,28,1,24,2,7174,2,0,1.0,phishing
https://www.mclaughlin.com/,27,0,40,2,-1,2,3,0.9,legitimate
http://justlookapp.com/blog/wp-content/themes/storefront/assets/fonts/c8fe2373bd59b7bc5e1e8cbdf2578d45/,103,1,88,1,2047,9,3,0.102272727,phishing
http://www.businessdictionary.com/definition/digital-media.html,63,0,105,3,7522,6,4,0.247619048,legitimate
https://www.marsbahis234.com/tr/,32,0,14,2,112,3,3,0.0,phishing
http://en.academic.ru/dic.nsf/enwiki/72024,42,0,310,3,7157,6,0,0.05483871,legitimate
http://138.36.41.142/,21,0,40,3,-1,8,0,0.05,phishing
http://chronicle.co.kr/wp/wp-content/themes/twentythirteen/genericons/font/referreal/EMS/intraship/emss.php?l=_JeHFUq_VJOXK0QWHtoGYDw1774256418&fid.13InboxLight.aspxn.1774256418&fid.125289964252813InboxLight99642_Product-email&email=sales02,240,1,17,3,4646,26,7,0.470588235,phishing
http://4able.com.br/wp-admin/user/onedrive/login.php?cmd=login_submit&amp;id=b77fcce3546d84dad74c608a98a27554b77fcce3546d84dad74c608a98a27554&amp;session=b77fcce3546d84dad74c608a98a27554b77fcce3546d84dad74c608a98a27554,218,1,6,3,-1,14,13,0.5,phishing
http://www.tiponlinetest.com/nord/en-e.php?hdhd92820df8angf264s9df23sd2f1n495K3L2C151645172991f1477dbd26917ef3822423f62e984a91f1477dbd26917ef3822423f62e984a91f1477dbd,166,1,183,3,35,7,9,0.8852459020000001,phishing
http://www.yovcxm.com/chase/Chase/4f70fba6e346cbca45c693663e59dda0/,67,1,48,2,-1,5,5,0.0,phishing
https://nil-day.sparkdesignlabs.com/ac?bc=ZIFwlWtpaWKclbOlkpplaHSEYKCFjJyepKZfpn1xkA/eric.linden%40telenet.be,109,1,25,3,41,10,2,0.16,phishing
https://roxburycommunitycolleg798-my.sharepoint.com:443/:b:/g/personal/enebelitsky_rcc_mass_edu/ER4MnITIQeZDpRVSiLJKsn4BexPjQkFWL8C3bunhUDV4ww?e=4%3a2ANva6&at=9,160,1,26,2,8019,16,5,0.884615385,phishing
http://stolizaparketa.ru/wp-content/themes/twentyfifteen/css/read/chinavali/index.php?email=abuse@activesolutions.co.uk/,120,1,6,3,4609,15,2,0.666666667,phishing
http://m.hf261.com/,19,1,45,2,-2,2,0,0.0,phishing
https://www.schorrlaw.com/,26,0,221,2,-1,2,4,0.009049774,legitimate
http://provinciabrescia2.babyloweb.eu/info,42,1,52,2,-1,3,0,0.019230769,phishing
https://technest.mx/wells,25,1,37,1,519,2,1,0.0,phishing
https://www.decisivetactics.com/support/view?article=crossover-or-null-modem-vs-straight-through-serial-cable,109,0,64,2,4428,14,6,0.09375,legitimate
http://www.imdb.com/Title?0097081,33,0,504,2,8965,4,4,0.25,legitimate
http://schema-root.org/region/international/government/united_nations/general_assembly/resolutions/181/,103,0,26,1,6683,11,2,0.230769231,legitimate
https://yahoomailywdsuqiosujaghsw.weebly.com/,45,0,60,2,5232,2,2,0.016666667,phishing
http://support-appleld.com.secureupdate.duilawyeryork.com/ap/fa6e24609f44a23,76,1,51,3,3992,7,3,0.0,phishing
https://support-appleld.com.secureupdate.duilawyeryork.com/ap/527cd1b44a3ee4a/?cmd=_update&dispatch=527cd1b44a3ee4a63&locale=_,126,1,51,3,3992,12,6,0.0,phishing
http://www.helloapulia.com/,27,0,36,2,5382,2,4,0.388888889,legitimate
http://www.dictionary.com/browse/insecticide,44,0,114,2,9205,4,3,0.175438596,legitimate
http://www.seminarsonly.com/IT/Ethernet%20Passive%20Optical%20Networks.php,74,1,62,3,5200,8,4,0.177419355,legitimate
https://www.recetin.com/,24,0,98,2,4316,2,3,0.408163265,legitimate
http://house18.info/themes/engines/ira.xml,42,1,1,2,2963,5,0,1.0,phishing
http://xgyul.codesandbox.io/index3.html,39,1,8,3,1337,4,0,0.0,phishing
https://20200724065829-dot-s2pe7ed9y.rj.r.appspot.com/office/index.php,70,1,0,3,5616,9,3,0.0,phishing
https://www.kidskitchen.ru,26,0,43,2,862,2,3,0.534883721,phishing
http://getactive365.com/wp-includes/css/upgrade/web-upgrade/,60,1,2,1,3237,7,1,0.0,phishing
http://www.digitalcamerareview.com/,35,0,75,2,7912,2,3,0.333333333,legitimate
http://dichvuvnpt.com/home/components/com_user/bbtonline.html,61,1,3,2,3767,7,1,1.0,phishing
http://www.passwordlogic.com/index.jhtml,40,0,20,3,1849,4,4,0.5,legitimate
https://www.tritonwear.com/,27,0,52,2,2241,2,3,0.557692308,legitimate
https://j3060z7403.codesandbox.io/index3.html,45,0,8,3,1338,4,0,0.0,phishing
http://app.acess24hrsportal.com/,32,1,4,2,8,2,2,0.0,phishing
http://www.forlocations.com/savealot,36,0,21,2,3639,3,3,0.095238095,legitimate
http://www.dictionary.com/browse/resolution,43,0,147,2,9201,4,3,0.197278912,legitimate
http://www.simon.com/mall/town-center-at-cobb/stores/traffic-shoes,66,1,167,2,8375,10,6,0.28742515,legitimate
https://hphotel-my.sharepoint.com/:b:/g/personal/wmiranda_hp-hotels_com/EcU-QJdKNwpFgSFo3OcmWeEBxVl_yorGYoWtndRBvSSmvw?e=jKgPpk,127,1,26,2,8019,15,3,0.884615385,phishing
http://model-railroad-hobbyist.com/magazine/mrh-2010-JanFeb/operating_switchstand,81,0,206,1,4462,9,1,0.160194175,legitimate
https://support-appleld.com.secureupdate.duilawyeryork.com/ap/ee1f63b48ab17cc?cmd=_update&dispatch=ee1f63b48ab17cc3f&locale=_,125,1,51,3,3993,12,6,0.0,phishing
http://temperaturerdc.com/WeTransfer/?,38,1,8,1,1825,2,0,0.625,phishing
http://www.mogauto-audi.es/,27,0,249,2,-1,3,3,0.875502008,legitimate
http://mayamimar.com/blog/profile/,34,1,0,1,3129,3,0,0.0,phishing
https://www.caraola.es/cmd-login=61cf5eb82326358e590acc8503fc7194?reff=ZmEzOGJhM2U3YjJkNzNlYzI4MWExMmZmNDllNDMwNDI=,115,1,4,2,-1,7,8,0.0,phishing
http://www.qyer.com/,20,0,143,2,5527,2,3,0.146853147,legitimate
http://www.answers.com/Q/What_does_resolution_oriented_mean,59,0,66,2,8829,8,3,0.151515152,legitimate
https://www.url.edu/,20,0,168,2,7730,2,3,0.1607142859999999,legitimate
http://www.wootware.co.za/,26,0,99,3,4767,2,4,0.090909091,legitimate
http://dodcio.defense.gov/Open-Source-Software-FAQ/,51,0,253,2,-1,6,0,0.501976285,legitimate
http://113.125.21.66/users/sign_in,34,0,39,3,-1,11,4,0.025641026,phishing
http://www.aleksandrgorovenko.com/,34,0,18,2,1724,2,3,0.7777777779999999,legitimate
https://gladexag.firebaseapp.com/,33,0,7,2,2840,2,1,0.142857143,legitimate
https://www.squarespace.com/domain-name-search/,47,0,110,2,6328,5,3,0.045454545,legitimate
https://patientline.nl/,23,0,27,1,6289,1,0,0.185185185,legitimate
https://www.walmart.com/c/ep/cat6-ethernet-cables,49,0,326,2,9285,7,3,0.285276074,legitimate
http://skynet.atomicbase.com,28,0,23,2,6510,2,0,0.130434783,legitimate
https://ru.wikipedia.org/wiki/SQL_Server_Management_Studio,58,0,156,2,7130,7,0,0.057692308,legitimate
http://www.storebusinesshours.com/save-a-lot-hours/,51,0,26,2,2467,6,4,0.192307692,legitimate
http://www.veja-store.com/,26,0,28,2,4875,3,3,0.321428571,legitimate
http://thd.org.tr,17,0,239,2,7821,1,0,0.121338912,legitimate
http://support-appleld.com.secureupdate.duilawyeryork.com/ap/35214c3917b5ee6,76,1,4,3,4003,7,3,0.0,phishing
https://mol-a.uniongsa.com/oye?op=Z31wlGprcmKcla91wpuXaHd1YKCDomZlaKZgY34/rick.mcveigh@wellsfargo.com,101,1,21,3,177,10,1,0.19047619,phishing
http://www.nhs.uk/Conditions/peripheralarterialdisease/Pages/Treatment.aspx,75,1,79,3,-1,6,3,0.101265823,legitimate
http://support-appleld.com.secureupdate.duilawyeryork.com/ap/3c1cc07f29dd0f6/?cmd=_update&dispatch=3c1cc07f29dd0f645&locale=_US,127,1,51,3,3992,13,6,0.0,phishing
http://server685641.nazwa.pl/weryfikacja/,41,1,50,2,7530,3,0,0.0,phishing
http://www.thefreedictionary.com/Luftwaffe,42,0,207,2,6256,3,5,0.1352657,legitimate
http://www.payscale.com/research/US/Job=Digital_Signal_Processing_(DSP)_Engineer/Salary,87,0,199,2,7840,11,5,0.075376884,legitimate
https://www.connectionstrings.com/textfile/,43,0,82,2,7081,3,4,0.024390244,legitimate
https://www.qimacros.com/free-excel-tips/text-mining-in-excel/,62,0,170,2,6931,9,4,0.129411765,legitimate
http://www.thefreedictionary.com/portal,39,0,262,2,6259,3,4,0.110687023,legitimate
http://elomo.ro/wp-includes/SimplePie/Net/access_onedrive_validate/login.php?,77,1,0,2,5927,10,2,0.0,phishing
http://www.victorpest.com/advice/rodent-library/house-mouse,59,1,118,2,8465,7,3,0.110169492,legitimate
https://www.howtogeek.com/197348/how-to-clear-your-google-search-history-on-android/,84,0,56,2,5067,12,5,0.339285714,legitimate
http://www.crookcustomguitars.com/,34,0,22,2,6783,2,4,0.318181818,legitimate
https://assa.su/,16,0,401,1,3198,1,1,0.042394015,legitimate
http://www.nirsoft.net/utils/wake_on_lan.html,45,0,83,3,5812,7,3,0.253012048,legitimate
http://halestelevision.co.uk/components/com_contact/cz/4f2ce4697b27ae19dcb701e5c4a09029,87,1,64,2,3205,6,0,0.921875,phishing
https://www.betclic.fr/ui/legislation/restricted,48,1,3,2,5314,5,3,0.333333333,legitimate
http://gryffilm.wz.cz/8CBF35A7E54771A2B27F0FB9615C2235/,55,1,0,2,-1,3,3,0.0,phishing
https://pphwm.app.link/v5ohNm4CE5?platform=hootsuite,52,1,0,2,1953,5,3,0.0,phishing
http://betasus7.blogspot.com,28,1,14,2,7295,2,0,0.928571429,phishing
http://m.hf652.com/,19,0,45,2,-2,2,0,0.0,phishing
https://www.britannica.com/biography/Voltaire,45,0,128,2,9169,4,4,0.2265625,legitimate
http://www.digiturkkampanyalari.com/,36,0,3,2,-1,2,4,0.0,legitimate
https://bigoneall.blogspot.com/,31,1,14,2,7295,2,1,0.928571429,phishing
http://www.anthonyajohnson.com/wp-admin/includes/jopyu/dasd/,60,1,61,2,345,7,3,0.950819672,phishing
https://hico.vn/,16,0,41,1,-1,1,0,0.097560976,legitimate
http://www.eric-yanao.ru/,25,0,96,2,2485,3,3,0.052083333,legitimate
http://noreply2redirect2.site44.com/redirect.html,49,1,7,3,3014,4,1,0.0,phishing
http://m.hf203.com/,19,1,45,2,1141,2,0,0.0,phishing
http://www.mereliverystables.com/user1/alibaba/alibaba.com/login.php?cmd=login_submit&amp;id=c5e026bd80f2572150f9f87f32b63fc3c5e026bd80f2572150f9f87f32b63fc3&amp;session=c5e026bd80f2572150f9f87f32b63fc3c5e026bd80f2572150f9f87f32b63fc3,234,1,25,3,918,15,4,0.0,phishing
https://www.secureupdate.appleld.com.duilawyeryork.com/ap/ae3d4c5a68af8f3?cmd=_update&dispatch=ae3d4c5a68af8f352&locale=_US,123,1,51,3,3992,13,4,0.0,phishing
https://www.mrgscience.com/,27,0,199,2,-1,2,3,0.030150754,legitimate
https://www.bangerhead.se/,26,0,520,2,4525,2,3,0.023076923,legitimate
https://jimryky.blogspot.com/2018/11/szq_29.html,48,1,36,3,7297,7,1,0.8611111109999999,phishing
http://alternatlinkedindocument.nw.r.appspot.com/home.html,58,1,83,3,5616,6,1,0.5301204820000001,phishing
http://www.answers.com/Q/What_are_facts_about_the_ionosphere,60,1,66,2,8830,9,3,0.151515152,legitimate
http://mintian.tumblr.com,25,0,13,2,5161,2,0,0.153846154,legitimate
https://kywait.blogspot.com/,28,0,81,2,7296,2,0,0.5555555560000001,legitimate
http://www.referenceforbusiness.com/small/Inc-Mail/Local-Area-Networks-LANS.html,80,0,37,3,5397,10,5,0.27027027,legitimate
http://thatsmint.work/newsletter-FnVbKqu/irs,44,1,56,1,-1,4,1,0.0,phishing
https://support-appleld.com.secureupdate.duilawyeryork.com/ap/572dc47adba7639?cmd=_update&dispatch=572dc47adba763970&locale=_US,127,1,51,3,3992,13,2,0.0,phishing
https://betasusgirmek.blogspot.com/,35,1,14,2,7295,2,0,0.928571429,phishing
https://www.onlinebaufuchs.de/,30,0,34,2,-1,2,3,0.117647059,legitimate
http://azizi-properties.ae/,27,1,4,1,-1,2,0,0.0,phishing
http://paws.org.au/store/admin/view/javascript/fckeditor/editor/plugins/valid.free.fr/adsl,90,1,0,3,-1,12,1,0.0,phishing
http://www.bionity.com/en/encyclopedia/Insecticide.html,55,0,108,3,7375,6,3,0.296296296,legitimate
http://pawanhospital.co.in/fargo/login.php,42,1,0,3,-1,4,0,0.0,phishing
https://sore-modabe.web.app/,28,1,0,2,561,3,0,0.0,phishing
https://a-ccesonligne.yolasite.com/,35,0,31,2,4492,3,1,0.096774194,phishing
http://webfiddle.net/cats-d8c4vu/www.ebay.com/myb/Summary,57,1,32,3,2108,8,5,0.0,phishing
http://investfunds.kz/world/stocks/1835/,40,0,124,1,5194,4,0,0.209677419,legitimate
http://elisashopping.gq/pay/error,33,1,23,1,-1,3,2,1.0,phishing
https://reaj-hosting.com.ve/wp-admin/includes/dcd/toda/,55,1,13,2,470,7,0,0.153846154,phishing
https://tmdl.pro/auth/314316,28,0,19,1,313,3,0,0.736842105,phishing
https://onedrive.live.com/?authkey=%21AG7v3K%5Fv%5Fvmx0wU&amp;cid=2022B4D58B052264&amp;id=2022B4D58B052264%21709&amp;parId=root&amp;o=OneUp,139,0,0,2,9338,15,5,0.0,phishing
http://mcnichols-com-dot-gl494903049.wl.r.appspot.com/,54,1,0,3,5626,7,1,0.0,phishing
http://www.onlinemathlearning.com/calculator.html,49,0,109,3,5525,4,3,0.04587156,legitimate
http://storage.googleapis.com/cftu6r8bigigi8.appspot.com/gtu%20fgb%20iug/gtfuygviy,82,1,25,3,5660,9,2,0.36,phishing
http://nothingelsefilm.com/wp-content/themes/widescreen/includes/temp/ski/,74,1,15,1,2381,8,1,0.4,phishing
http://alvadee.tumblr.com,25,0,16,2,5160,2,1,0.0625,legitimate
https://www.recyclingcenters.org/,33,0,138,2,4893,2,3,0.028985507,legitimate
http://www.guitarcenter.com/Livewire/1-4-1-4-Patch-Cable-8-Pack.gc,66,0,472,3,9261,12,3,0.006355932,legitimate
http://www.webopedia.com/TERM/G/gateway.html,44,0,166,3,8148,6,3,0.361445783,legitimate
http://www.lizanderin.com/WeTransfer/,37,1,2,2,6258,3,3,0.5,phishing
http://community.linksys.com/t5/Wireless-Routers/Invalid-MAC-Address-Format-Error/td-p/79003,92,0,163,2,9075,13,6,0.012269939,legitimate
http://webguru.asia/promo/y/y/?fid.4.1252899642,47,1,0,3,3386,7,1,0.0,phishing
http://www.grupomissael.com/En/wp-includes/js/hotmail/hotmail/default.php,73,1,0,3,3420,10,4,0.0,phishing
http://www.roommanager.com.au/,30,0,130,3,-1,2,5,0.076923077,legitimate
http://yanddcleaning.com.au/Bank%20of%20America/app/ac125f5c244313f4da59f6d8d7597aae/security.php,97,1,30,3,-1,8,4,0.1,phishing
https://nealhelps.com/care,26,1,23,1,-1,2,0,0.086956522,phishing
http://www.sciencebuddies.org/science-fair-projects/project_ideas/Genom_p009.shtml,82,1,144,3,6678,10,5,0.0625,legitimate
https://clicktotweet.com/0fPmC+,31,1,82,1,4101,2,1,0.134146341,phishing
https://neocellularparts.com/amazon.deapsignin/a/.a/amzon2020/a1b2c3/41c1477d772848edbcb357bf159c8b0d/login/,108,1,27,3,866,9,3,0.0,phishing
http://www.taalim.ma,20,1,12,2,4138,2,4,0.666666667,phishing
http://xxxfoxwew.wn.r.appspot.com/jsmith@imaphost.com,53,1,21,3,5627,7,4,0.80952381,phishing
https://arablinkedindocument.df.r.appspot.com/home.html,55,1,83,3,5627,6,1,0.5301204820000001,phishing
http://drrhau.com.au/dropbox/auth/view/share/index.html,55,1,139,3,-1,7,1,0.136690647,phishing
http://jurnal.stai-aljawami.ac.id/.well-known/pki-validation/emoji/main/main/doc/hub/,85,1,31,3,1871,12,1,0.129032258,phishing
https://www.youtube.com/user/VH1,32,0,55,2,5638,4,3,0.527272727,legitimate
http://www.mmorpg.com/path-of-exile,35,0,437,2,7686,5,4,0.098398169,legitimate
http://joshtobye.com/3.mtb.com/www3.mtb.com/?signin=@userid&session_id=skjdfsd87ffsdf87sdfsdhfdf78sdfgysidf87sdf3d4b1030caea831b0e06bd749,137,1,9,3,31,12,5,0.0,phishing
https://www.dovera.sk/,22,0,14,2,5576,2,3,0.428571429,legitimate
http://prickly-nerf-gun.smvi.co/key.html,40,1,12,3,1736,6,0,0.166666667,phishing
http://www.bridgeguys.com/conventions,37,0,23,2,8227,3,3,0.260869565,legitimate
https://www.instagram.com/cbsthismorning/,41,0,62,2,5891,3,3,0.0,legitimate
https://support-appleld.com.secureupdate.duilawyeryork.com/ap/8aa245b3d2378cb/?cmd=_update&dispatch=8aa245b3d2378cbc0&locale=_RU,128,1,51,3,3993,13,4,0.0,phishing
https://en.wikipedia.org/wiki/Medium_shot,41,0,339,2,7130,5,0,0.056047198,legitimate
http://www.businessdictionary.com/definition/random-access-memory-RAM.html,74,0,107,3,7521,8,6,0.242990654,legitimate
http://www.hitsem.com/images/?http:/us.battle.net/login/en/?ref=http:/vwchlhcus.battle.net/d3/en/index,102,1,5,3,5230,17,7,0.6,phishing
http://vufd.hyperphp.com/amzn,29,1,1,2,5026,3,0,0.0,phishing
http://www.traingames365.com/switchman/,39,0,6,2,3050,3,3,0.333333333,legitimate
https://evesyalari.tk/login.html,32,1,200,2,-1,3,0,0.865,phishing
https://www.klikaj.hr/,22,0,71,2,1482,2,3,0.253521127,legitimate
http://www.wwwxjj9988.com/index.php,35,1,151,3,155,4,9,0.006622517,phishing
http://www.passivehousecanada.com/,34,0,84,2,3876,2,4,0.642857143,legitimate
https://www.apkandroid.ru/caja-de-herramientas/mx.com.vepormas.cajadeherramientas/downloading.html,98,1,211,3,1317,11,5,0.0142180089999999,phishing
http://m.hf215.com/,19,1,45,2,1154,2,0,0.0,phishing
https://github.com/mkdoc/mkcli,30,0,225,1,4672,3,0,0.195555556,legitimate
https://en.wikipedia.org/wiki/John_Peel_(huntsman),50,0,175,2,7133,6,1,0.097142857,legitimate
http://caaa.in/image/food%20processing%20book.pdf,49,1,0,2,-1,6,6,0.0,legitimate
http://site9551459.92.webydo.com/,33,1,74,3,3698,3,1,0.0,phishing
http://174.138.36.47/banks/ATB/last.html,40,1,4,3,-1,12,0,0.5,phishing
https://www.revista-ferma.ro/,29,0,234,2,6304,3,3,0.132478632,legitimate
https://servicabbout.blogspot.com/,34,1,14,2,7295,2,1,0.928571429,phishing
http://www.easychemproject.com/db2017/,38,1,21,2,923,3,3,0.095238095,phishing
https://www.newegg.ca/Components/Store,38,0,151,2,6902,4,4,0.602649007,legitimate
http://www.christieclinic.com/,30,0,195,2,8708,2,3,0.056410256,legitimate
http://www.woodstock.su/,24,0,406,2,4836,2,4,0.014778325,legitimate
http://shirts.wrapgirlmarketing.com/Drop-box/Dropbox/index.php,62,1,0,3,372,7,0,0.0,phishing
http://www.windytan.com/2012/11/the-sound-of-dialup-pictured.html,65,0,267,3,2604,10,4,0.666666667,legitimate
https://www.howtogeek.com/196051/htg-explains-what-is-a-file-system-and-why-are-there-so-many-of-them/,102,0,54,2,5063,18,4,0.333333333,legitimate
http://global.canon/en/c-museum/,32,0,137,1,-1,4,0,0.0,legitimate
http://em2.massageenvyclinics.com/ls/click?upn=4Y3F6xKKKp7Qu3gMHf3xlMkaxWVzq6S56-2FnH2bSMyrvJeSiK9pNDKd5to9AG7dlLLo9gSkNLjeal3ZiJArDhmb8riXfb0b0fnRmnZakUwJE-3DzHVc_P-2FPmKJa2pHSU1oratfOM0Z6E93v7Inve66lQ9p8YX6qw0vH1Ma4Xa3ck2gEE61b1yiMt8ASlpPDks63HBQWqOoJQ2gxMj-2BqMR1H6iEOOZDObexlbi0uTdq2GhJEBQlCUnruGPzXi1sLIjL7gw4MNR2HEIGNVwCFygGpBrUmIoQwL50DDR6PZ6Y1rlkkiOJx8fn848Crpsuyg1sQdnjehIwwxvtIeMlBmQC0CFM5AnLw-3D,406,1,4,2,3815,12,17,0.75,phishing
http://tamanastar.blogfa.com,28,0,366,2,5905,2,0,0.213114754,legitimate
https://glosbe.com/en/fr/public-address%20amplifier,51,1,162,1,3306,6,2,0.024691358,legitimate
http://www.payscale.com/research/US/Job=Help_Desk_Analyst/Hourly_Rate,69,0,210,2,7837,10,3,0.071428571,legitimate
https://appleid.apple.com-sa.pm/,32,1,428,3,284,4,2,0.647196262,phishing
http://resbetsgiris.blogspot.com,32,1,14,2,7295,2,0,0.928571429,phishing
http://en.academic.ru/dic.nsf/enwiki/61139,42,1,77,3,7156,6,1,0.051948052,legitimate
http://magnumbytes.com/,23,0,16,1,1697,1,0,0.125,legitimate
http://www.cs.uni.edu/~diesburg/courses/cs3470_fa14/sessions/s04/s04.pdf,72,0,0,3,11317,11,4,0.0,legitimate
http://stats.stackexchange.com/a/1616,37,1,349,2,4057,4,0,0.11747851,legitimate
http://etecindsvc.com/8787/?sec=Wiebke%20Oldsen,47,1,0,1,5302,5,0,0.0,phishing
http://www.ibpm.ru/revslider/js/jquey/java/ndidi/dalu.php,57,1,30,3,-2,9,3,0.0,phishing
http://h2o-unlimited.com/adobe/adobefile/login.php,50,1,23,2,3072,6,0,0.0,phishing
http://www.phprs.com.br/,24,0,24,3,-1,2,3,0.125,legitimate
https://en.lyrsense.com/dire_straits/tunnel_of_love_ds,54,0,171,2,3758,8,1,0.070175439,legitimate
https://carlosdev.wordpress.com/,32,0,113,2,7448,2,1,0.89380531,legitimate
http://who.pho.to/save_the_children_action_network/,51,1,68,2,-1,7,0,0.911764706,legitimate
http://jezebelsplayground.com/AoV/login.php?cmd=login_submit&id=44bc1d8d7ea7a19182130f36ce9809f844bc1d8d7ea7a19182130f36ce9809f8&session=44bc1d8d7ea7a19182130f36ce9809f844bc1d8d7ea7a19182130f36ce9809f8,201,1,6,2,1206,11,5,0.666666667,phishing
http://www.shmoop.com/time-machine-hg-wells/passivity-quotes.html,65,1,117,3,6493,9,6,0.196581197,legitimate
https://www.vitalitymedical.com/,32,0,393,2,7453,2,3,0.040712468,legitimate
https://www.sewforless.com/,27,0,39,2,7302,2,4,0.153846154,legitimate
http://www.audioenglish.org/dictionary/resolution.htm,53,0,53,3,2684,5,3,0.113207547,legitimate
http://worldativelion.my-free.website,37,1,47,2,-1,3,1,1.0,phishing
http://www.bakedbyjoanna.com/,29,0,22,2,4014,2,4,0.318181818,legitimate
https://www.smart-wiki.net/,27,0,7,2,-1,3,3,0.428571429,legitimate
http://www.wisegeek.com/what-is-transaction-processing.htm,58,0,78,3,6137,7,5,0.217948718,legitimate
https://www.medtravelers.com/allied-healthcare-disciplines/mri-technologist-jobs/,81,1,144,2,6777,8,4,0.111111111,legitimate
http://www.ldoceonline.com/Photography-topic/shot,49,0,243,2,5749,5,3,0.238683128,legitimate
https://www.secureupdate.appleld.com.duilawyeryork.com/ap/1756eb59153a96d/?cmd=_update&dispatch=1756eb59153a96d27&locale=_US,124,1,4,3,4003,13,4,0.0,phishing
http://asp403r.paperless.com.pe/ConsultaDHLExpress,50,0,25,3,-1,3,2,0.12,phishing
http://work.chron.com/first-year-salaries-graphic-designers-10690.html,70,0,50,3,11046,9,0,0.3,legitimate
http://www.highspeed-internet-providers.com/city/ispseattle.html,64,1,70,3,4606,7,5,0.028571429,legitimate
http://www.okhca.org/pdf/impact.pdf,35,0,0,3,5515,5,3,0.0,legitimate
http://stolizaparketa.ru/wp-content/themes/twentyfifteen/css/read/chinavali/index.php?email=abuse@jamer.co.uk/,110,1,6,3,4609,15,2,0.666666667,phishing
https://definitions.uslegal.com/t/transaction-account-guarantee-program/,72,0,92,2,8489,7,2,0.554347826,legitimate
http://www.cassa7c.com/boa/boa/index.html,41,1,0,3,128,6,4,0.0,phishing
https://www.pasokon-syobun.com/,31,0,78,2,4392,3,3,0.115384615,legitimate
http://outlook-webapp-portal.el.r.appspot.com/ver.html,54,1,21,3,5616,8,3,0.80952381,phishing
https://us-solar-department.com/d/4/?reqid=11175476&amp;cp=1586&amp;a=591&amp;s=347,83,1,47,1,1969,13,3,0.340425532,phishing
http://nab-safe.cloudns.cx/a/content,36,1,31,2,-1,5,0,0.967741935,phishing
https://eoexpo.sa/boa/bankofamerica/index.php,45,1,28,2,-1,5,0,0.0,phishing
http://deltagammaucsb.tumblr.com,32,0,12,2,5160,2,1,0.25,legitimate
http://support-appleld.com.secureupdate.duilawyeryork.com/ap/c587898f59edf6c?cmd=_update&dispatch=c587898f59edf6cc7&locale=_us,126,1,51,3,3992,13,3,0.0,phishing
https://www.alsako.com/,23,0,176,2,3354,2,3,0.045454545,legitimate
https://msdn.microsoft.com/ru-ru/library/mt238290.aspx,54,1,66,3,10674,7,0,0.060606061,legitimate
https://couchpop.com/film/descendants/,38,0,412,1,960,3,0,0.449029126,phishing
http://www.stclair.org/,23,0,92,2,-1,2,3,0.163043478,legitimate
https://lqw9r6y8q.codesandbox.io/index2.html,44,1,8,3,1338,4,0,0.0,phishing
http://www.shoeexpressrepair.com,32,0,46,2,3370,2,5,0.086956522,legitimate
https://betasus020.blogspot.com,31,1,14,2,7295,2,0,0.928571429,phishing
http://baghira-wupperwolf.de/images/banners/bbtonline/,54,1,5,1,-1,5,3,0.4,phishing
https://drive.google.com/file/d/1r3I_bi51duXgjXieXIjt1Gx_rHNCalbo/view?usp=sharing,82,1,10,2,8348,10,1,1.0,phishing
http://artofliving.social/modules/mod_login/mail.ubc.ca.html,60,1,13,3,-2,8,0,0.538461538,phishing
https://civil-campaign-279715.el.r.appspot.com/wp-content,57,1,21,3,5615,8,1,0.80952381,phishing
https://www.motovidlo.cz/,25,0,155,2,-1,2,3,0.025806452,legitimate
http://www.paypalsigninfo.deisemelo.com/,40,1,4,3,1338,3,3,0.25,phishing
https://scenari.software/,25,0,0,1,1549,1,0,0.0,legitimate
https://wfa.kronostm.com/,25,0,280,2,4553,2,0,0.817857143,legitimate
https://www.acercandoelcine.cl/Exch365/7/index.php?m=mamatheny@nexeosolutions.com,81,1,0,3,-1,10,3,0.0,phishing
http://www.eskaton.it/myaccount/Bank.php,40,1,9,3,3232,5,4,0.0,phishing
https://prth.talkincat.com/tz?jk=ZH9wlG9ma2Kcla92k2ppaHZxYKCDomZkaWKjY31y/info%40bellingrath.biz,96,0,38,3,193,8,2,0.210526316,phishing
https://www.crownhoteltm.com/,29,0,18,2,3722,2,3,0.5555555560000001,legitimate
https://seachromelb-my.sharepoint.com/:b:/g/personal/dstevens_seachrome_com/ES9rj0pB2hROugeHWPyK7Y4BYbjrsC3MjqSuCqo2_7Y0ew,122,1,26,2,8019,11,0,0.884615385,phishing
https://support.google.com/finance/?hl=en,41,1,40,2,8346,5,2,0.2,legitimate
https://www.tusclases.com/,26,0,27,2,3038,2,3,0.7777777779999999,legitimate
https://www.clinicapodologicahnosvicente.com/,45,0,12,2,1577,2,3,0.166666667,legitimate
http://lacasitadesanangel.iap.org.mx/transcripts/neutralize/adobe/user/login/,77,1,1,3,5745,7,0,1.0,phishing
https://netflxius.tumblr.com/,29,1,4,2,5159,2,0,0.0,phishing
http://www.webster-dictionary.org/definition/blackletter,56,1,65,2,6036,5,4,0.0,legitimate
http://www.hbs.edu/faculty/Publication%20Files/08-017_1903b556-786c-49fb-8e95-ab9976da8b4b.pdf,94,1,0,3,9098,13,5,0.0,legitimate
https://drive.google.com/file/d/1A4zUvTUBrEHysSXz6ToIhe_H4Xcm9Ajs/view?usp=sharing/,83,1,10,2,8348,9,2,1.0,phishing
http://www.tomsguide.com/us/pictures-story/518-best-android-file-managers.html,78,0,128,3,7292,11,3,0.5234375,legitimate
https://en.wikipedia.org/wiki/Baptismal_font,44,0,328,2,7133,5,0,0.067073171,legitimate
http://www.aegisredmedia.com/wp-content/plugins/sid/engl/WeTransfer/WeTransfer/index.php,88,1,6,3,1196,11,3,0.0,phishing
https://motosaigon.vn/,22,0,49,1,-1,1,0,0.326530612,legitimate
https://www.computerhope.com/jargon/c/cdrom.htm,47,0,86,3,8045,6,3,0.093023256,legitimate
https://de.cam.exposed/,23,0,22,2,711,2,0,0.0,phishing
http://fullwellsfarg9936.uc.r.appspot.com/login.html,52,1,18,3,5616,6,4,0.055555556,phishing
https://www.paypal-rimborso.com/,32,1,0,2,119,3,3,0.0,phishing
https://mail-services-appid-2374562.symphonykauharus.com/session/?view=login&appIdKey=f035b7dc0a0921f&country=US,112,1,45,2,253,12,3,0.0,phishing
http://community.linksys.com/t5/Wireless-Routers/Speeding-up-Windows-Gigabit-Ethernet/td-p/778337,97,0,188,2,9071,13,5,0.015957447,legitimate
https://www.facebook.com/PublicDomainPictures,45,0,53,2,8520,3,4,0.377358491,legitimate
http://palicky.sk/859CAED28EBA317ED64AD36778642733,50,1,0,1,4312,2,2,0.0,phishing
http://www.reddotarms.com/min/share,35,1,67,2,3044,4,4,0.134328358,phishing
https://twitter.com/trafficshoe,31,0,25,1,7491,2,2,0.48,legitimate
http://encyclopedia.jrank.org/articles/pages/cnsztl7oqr/Parallel-Usb-Adapter-Why-You-Need-Parallel-USB-Adapter.html,115,1,11,3,6205,15,3,0.272727273,legitimate
http://www.tutorialspoint.com/session_initiation_protocol/session_initiation_protocol_tutorial.pdf,98,0,0,3,5047,10,5,0.0,legitimate
http://pdpics.com/,18,0,32,1,-1,1,0,0.03125,legitimate
http://support-appleld.com.secureupdate.duilawyeryork.com/ap/1add0b853f509f6,76,1,51,3,3993,7,3,0.0,phishing
http://cp0c7pc.du.r.appspot.com/token/716/2/aaaaeia4fasrpdqipn60vvbbjvzgpoke_kntyllroyvjr0yjz63drrqavztp9nj8rfemtop_kagmu6cuyyeuakjpz_fgvnzbc5188w,146,1,21,3,5616,11,13,0.80952381,phishing
https://www.youtube.com/watch?v=zdQ-cI-hKxk,43,0,52,2,5640,7,3,0.442307692,legitimate
http://www.tablefortwoblog.com/,31,0,114,2,3179,2,3,0.271929825,legitimate
https://www.tuluzz.com/,23,0,82,2,1369,2,4,0.109756098,legitimate
https://netservice-upd.tumblr.com/#_=_,38,1,0,2,5158,4,0,0.0,phishing
https://www.coles.com.au/our-range/our-products/coles-mobile,60,1,34,3,-1,8,3,0.294117647,legitimate
http://www.silvergames.com/en/traffic-collision-2,49,0,28,2,6336,6,5,0.035714286,legitimate
http://www.havahart.com/mouse-facts,35,0,135,2,-1,4,3,0.207407407,legitimate
https://secureupdate.appleld.com.duilawyeryork.com/ap/dbbdedb25e1bfbd?cmd=_update&dispatch=dbbdedb25e1bfbd65&locale=_US,119,1,51,3,3993,12,3,0.0,phishing
http://asatelectricals.com/wp/auto,34,1,0,1,1212,3,0,0.0,phishing
http://www.wikihow.com/Delete-a-Snap-on-Snapchat,48,0,213,2,5883,7,3,0.070422535,legitimate
https://electrojesus.es/,24,0,145,1,-1,1,0,0.110344828,legitimate
https://www.elitewriterslab.com/,32,0,29,2,1776,2,3,0.413793103,legitimate
https://www.rovos.com/,22,0,39,2,7535,2,3,0.282051282,legitimate
http://secureupdate.appleld.com.duilawyeryork.com/ap/e3a3ee09e0f1714,68,1,51,3,3993,6,2,0.0,phishing
http://support-appleld.com.secureupdate.duilawyeryork.com/ap/e8b96a2d009566c/?cmd=_update&dispatch=e8b96a2d009566c67&locale=_,125,1,51,3,3992,12,6,0.0,phishing
https://www.newegg.com/Product/ProductList.aspx?Description=hdmi%20switch&Submit=ENE,84,0,129,3,7476,10,4,0.914728682,legitimate
http://nodered.org/,19,0,89,1,2504,1,0,0.146067416,legitimate
http://adventures9.com/gig.htm,30,1,4,2,3270,3,0,0.0,phishing
http://www.imepl.com/,21,0,65,2,7767,2,3,0.123076923,legitimate
http://tholle.co.za/BEST/login.php,34,1,7,3,605,4,1,0.142857143,phishing
http://pbarcelli.blogspot.com/,30,0,266,2,7298,2,1,0.906015038,legitimate
https://www.freioel.de/de/,26,0,24,2,-1,3,3,0.208333333,legitimate
https://cew.safewallet.replayattack.us/,39,0,127,3,723,3,2,0.409448819,phishing
http://www.xinzhu08.com/images/instructions/up/,47,1,193,2,503,5,3,0.202072539,phishing
https://www.lacittadisalerno.it/,32,0,147,2,7393,2,4,0.095238095,legitimate
http://digital-desert.com/wildlife/rodents/house-mouse.html,59,0,6,2,8087,7,0,0.666666667,legitimate
http://www.homeschool-life.com/2311/index_public,48,1,222,2,6236,6,5,0.009009009,legitimate
http://iemulators.com/provenance,32,0,54,1,2452,2,0,0.7777777779999999,legitimate
https://www.remax.com.ar/,25,0,152,3,-1,2,3,0.625,legitimate
https://www.artflakes.com/,26,0,67,2,4441,2,3,0.014925373,legitimate
http://www.codylodgingcompany.com/,34,0,91,2,-1,2,3,0.186813187,legitimate
http://www.mypublicdomainpictures.com/,38,0,32,2,2836,2,3,0.625,legitimate
https://www.svb-marine.it/,26,0,1425,2,2704,3,3,0.09754386,legitimate
https://www53.presentes-promocoes-premier.com/prodfee1a13c175451dad7a125f9856b521flnk/iphone-8-plus-apple-256gb-dourado-4g-tela-55-retina-cam-dupla-selfie-7mp-ios-12/p/2223839/te/teip,183,1,7,2,216,25,9,0.142857143,phishing
https://www.salesforce.com/saas/,32,0,253,2,7907,3,4,0.158102767,legitimate
http://meteo.camera,19,0,0,1,2354,1,0,0.0,legitimate
https://www.beeradvocate.com/articles/6_byob/,45,1,2,2,-1,5,4,0.5,legitimate
http://www.jardinesycampos.es/css/dhll.evo,42,1,0,3,-1,5,5,0.0,phishing
http://bigislandcondorentalsbyowner.com/wp-admin/,49,1,0,1,4175,3,0,0.0,phishing
https://www.youtube.com/watch?v=05H6IPUXFS4,43,0,53,2,5638,5,3,0.433962264,legitimate
http://showmore.a3579.com/2EFDC56ECF33816478A33B64D7A5B0D7/,59,1,0,2,4942,3,2,0.0,phishing
http://diyaudioprojects.com/Power/DIY-Shielded-RCA-Interconnect-Cables/,71,0,61,1,5020,7,1,0.278688525,legitimate
https://en.wikibooks.org/wiki/Windows_Programming/Device_Driver_Introduction,76,0,116,2,6212,8,2,0.146551724,legitimate
https://comunidadmontepinar.es/,31,0,48,1,-1,1,0,0.1875,legitimate
http://www.bravenet.com/help/copypaste.php?t=practice,53,0,57,3,8546,7,3,0.01754386,legitimate
http://www.rfwireless-world.com/Terminology/forward-error-correction.html,73,0,73,3,3146,8,6,0.04109589,legitimate
http://secureupdate.appleld.com.duilawyeryork.com/ap/e44dbd411bfb5b0,68,1,51,3,3992,6,3,0.0,phishing
http://www.dosbox.com/wiki/Software,35,0,95,2,6977,4,3,0.021052632,legitimate
http://www.klik.am/EEUVB/,25,1,31,2,2480,3,4,0.096774194,phishing
https://fj1gh.app.link/w7m5S2lYn5,33,1,8,2,1953,3,1,0.875,phishing
http://www.enex-ref.com/engine/redovh.php?20181017121404,56,1,0,3,5803,7,3,0.0,phishing
https://www.otto.lt/,20,0,96,2,67,2,4,0.364583333,legitimate
https://superuser.com/questions/119209/will-parallel-port-dongle-work-on-usb-to-parallel-adapter,96,0,248,1,9032,13,4,0.616935484,legitimate
http://623112j4j3.codesandbox.io/xrr,36,1,8,2,1338,3,2,0.0,phishing
http://www.marketingteacher.com/segmentation/,45,0,33,2,7422,3,3,0.242424242,legitimate
http://pluggedingolf.com/ping-g-irons-review/,45,0,90,1,-1,5,1,0.477777778,legitimate
http://23.4.43.27/mobile.php,28,1,0,3,-1,10,0,0.0,phishing
http://www.lunarium.co.uk/calendar/gardening.jsp,48,0,63,3,5621,5,3,0.095238095,legitimate
http://kelase5-3.blogsky.com,28,0,64,2,6465,3,0,0.0625,legitimate
http://support-appleld.com.secureupdate.duilawyeryork.com/ap/bd7ce05ae94042c,76,1,51,3,3992,7,2,0.0,phishing
https://www.dhd24.com/,22,0,17,2,7485,2,3,0.647058824,legitimate
https://mt54467891.webcindario.com/cox.full/cox.full/Zo/stepCoxMail/log/sycho/,78,1,1,3,7086,10,3,1.0,phishing
http://newlifeschooloftheology.com/wp-includes/fonts/netnetnet,62,1,1,1,-1,5,1,0.0,phishing
http://patents.justia.com/assignee/input-output-inc,51,0,92,2,6512,6,2,0.663043478,legitimate
http://mail.budi01.whatsaap.com.getsviip7.com/,46,1,29,3,88,5,2,0.75862069,phishing
http://www.audioenglish.org/dictionary/german_luftwaffe.htm,59,0,32,3,2685,6,4,0.1875,legitimate
https://au.indeed.com/Peer-Support-jobs,39,0,283,2,8149,5,3,0.109540636,legitimate
https://www.malibuhomesaz.com/wp-content/uploads/pum/b/?email=amit.malik@avivaindia.com,87,1,1,3,919,12,3,0.0,phishing
http://sobem.org.hk,19,0,184,2,-1,1,0,0.02173913,legitimate
https://instgram147.000webhostapp.com/,38,1,21,2,1535,2,4,0.142857143,phishing
https://www.nutritics.com/p/home,32,0,85,2,3224,4,3,0.058823529,legitimate
https://www.uksca.org.uk/,25,0,65,3,5839,2,3,0.015384615,legitimate
http://link.springer.com/chapter/10.1007%2F978-1-4471-6374-9_5,62,0,200,3,8459,11,2,0.475,legitimate
http://smilegate-cfs.epizy.com/qualificationform.php,52,1,1,3,2528,5,0,0.0,phishing
http://pinnerx.com/abc/G2PvFUdz0o6QWh2rXEFM8ZZZzdZRLcesf4XUYbuZzAQwSSXQwDCFCCFcPE3BRi37m02lcwkM7ai/,99,1,92,1,217,3,10,0.02173913,phishing
https://www.byggmax.no/,23,0,40,2,5737,2,4,0.3,legitimate
http://gpssicredi.hospedagemdesites.ws,38,0,2,2,5619,2,1,0.0,phishing
https://www.cafedelabourse.com/,31,0,111,2,4933,2,3,0.252252252,legitimate
http://vkvzlomid.viptop.ru,26,1,12,2,7446,2,0,1.0,phishing
http://souvenirsplace.com/chuakad.php,37,1,80,2,2606,3,0,0.825,phishing
https://www.chiostrodelbramante.it/,35,0,16,2,7849,2,3,0.625,legitimate
https://rebrand.ly/zitln6v,26,1,8,1,2139,2,0,0.875,phishing
https://www.123formbuilder.com/form-4850478/,44,1,43,2,2739,4,3,0.046511628,phishing
https://groups.google.com/forum/#!topic/comp.sys.apple2/hcyQg9_QL1Q,67,0,19,3,8350,9,2,0.368421053,legitimate
http://www.nbc.com/nbc-nightly-news,35,0,109,2,8440,5,3,0.28440367,legitimate
https://www.ownlogan.com/,25,0,48,2,4473,2,3,0.020833333,legitimate
http://steamproxy.net/app/1099250/discussions/0/1644304412654711314,67,1,77,1,507,6,6,0.467532468,phishing
http://secureupdate.appleld.com.duilawyeryork.com/ap/4bbcf43417ae0bc?cmd=_update&dispatch=4bbcf43417ae0bc10&locale=,115,1,51,3,3993,11,3,0.0,phishing
http://www.tiberino.com/it/,27,0,30,2,4083,3,3,0.233333333,legitimate
http://vkaktivations23.bos.ru,29,1,12,2,7359,2,0,1.0,phishing
http://adexten.com/lp16?type=media&amp;pub_id=3408&amp;sub_id=0dbded6f8e0ca9f8a25dd7c9266b468004760078&amp;srcid=ca70c535-6bef-4945-a8dd-11ebe1ca89c1&amp;lang={{EXTRA_PARAM_2}}&amp;noepop=,188,1,28,1,1492,21,8,0.1785714289999999,phishing
http://sovve.nl/cs/,19,1,0,1,7287,2,1,0.0,phishing
https://www.facebook.com/thekeyboardcat,39,0,137,2,8516,3,4,0.671532847,legitimate
http://en.academic.ru/dic.nsf/enwiki/137406,43,1,154,3,7160,6,0,0.032467532,legitimate
https://www.onlinesbi.com/personal/etdr_estdr_faq.html,54,0,9,3,7304,7,3,0.0,legitimate
http://www.diadosnamorados-american.com/produto/review.php,58,1,99,3,70,6,3,0.787878788,phishing
http://xmley.codesandbox.io/index2.html,39,0,8,3,1338,4,0,0.0,phishing
http://www.gatepaper.in,23,0,118,2,-1,2,3,0.6779661020000001,legitimate
https://www.canalcruising.co.uk/,32,0,36,3,7440,2,3,0.638888889,legitimate
http://www.shokitini.com/fileupload/update.html,47,1,82,3,4329,5,3,0.0,phishing
https://disq.us/?url=https%3A%2F%2Fwww.gepard.ru%2Flogin%2Faccount%2F&key=JgDq7zS0rAtd6srC39cdig,96,0,0,3,4843,13,5,0.0,phishing
"http://login.live.com.skyhigh9157.ms-office-365-email.skyhigh9157.myshn.net/login.srf?wa=wsignin1.0&amp;rpsnv=13&amp;ct=1586935850&amp;rver=7.0.6737.0&amp;wp=mbi_ssl&amp;wreply=outlook.live.com.skyhigh9157.ms-office-365-email.skyhigh9157.myshn.net/owa/?rpscsrfstate=91e18ed0-9dcb-e8da-73b9-1e30f2e2a836&amp;id=292841&amp;aadredir=1&amp;cbcxt=out&amp;lw=1&amp;fl=dob,flname,wld&amp;cobrandid=90015",396,1,1,3,2961,58,6,0.0,phishing
http://www.alqurancampus.com/wp-admin/network/network/dropbox2mpage/db/view/,76,1,45,2,175,9,3,0.0,phishing
http://viccats.camcam.dns-cloud.net/Verify/YahooVerification/3608a74246f49473b4b33320d03a3f09/,94,1,31,3,1016,7,5,0.967741935,phishing
http://www.temelkirtasiye.com.tr//plugins/installer/index.htm,61,1,0,3,3631,6,4,0.0,phishing
http://betasusgirsenesende.blogspot.com,39,1,14,2,7295,2,0,0.928571429,phishing
https://mealpal.co.uk/,22,0,22,2,1440,1,0,0.590909091,legitimate
https://access.redhat.com/solutions/70464,41,0,74,2,9557,4,2,0.027027027,legitimate
https://ezankedglaucoma.com/vvssvv/0ffice!/login.php,52,1,12,2,59,5,4,0.0,phishing
http://www.infoconcorso.it/,27,0,0,2,2525,2,3,0.0,legitimate
http://www.afritraders.com/include/googledrive/index.htm,56,1,0,3,620,6,4,0.0,phishing
https://ourevolution.com/coded/common.login.php,47,1,12,3,4846,5,1,0.666666667,phishing
http://www.jhanjartv.com/ok_site/team/E-mail.html,49,1,0,3,3339,8,3,0.0,phishing
http://ps360.co.in/wp-admin/Ali2015/,36,1,0,2,-1,4,0,0.0,phishing
http://www.slaphappylarry.com/,30,0,88,2,3395,2,5,0.602272727,legitimate
http://www.explainxkcd.com/wiki/index.php/899:_Number_Line,58,0,132,3,-1,8,4,0.212121212,legitimate
http://grup-sexxx104.byefree.org/,33,0,0,2,51,3,4,0.0,phishing
https://www.elsoldedurango.com.mx/,34,0,33,3,5974,2,3,0.515151515,legitimate
http://www.fujitsu.com/us/Images/Solarflare_Low-Latency_TestReport.pdf,70,1,0,3,9619,9,3,0.0,legitimate
http://www.wellfloured.com/,27,0,17,2,1900,2,4,0.647058824,legitimate
http://www1.salary.com/Software-Engineer-Salary.html,52,1,69,3,8970,6,4,0.202898551,legitimate
http://www.eawibp.org/themes/ow/auth/logon.aspx,47,1,80,3,1040,7,3,0.15,phishing
https://mail.ccbcmd.edu/owa/redir.aspx?C=YMl5yDFVGMlqIWqHcvuWr9lrt7FIbgjnAJIActuvBrDdJA1ZT6bVCA..&amp;URL=http%3a%2f%2fwebmailaccount.company.com%2f,148,1,11,3,6752,15,4,0.090909091,phishing
http://www.yourgenome.org/facts/what-is-dna-replication,55,0,59,2,7506,7,3,0.084745763,legitimate
http://forums.androidcentral.com/chromebooks/699557-file-manager-chromebook.html,80,0,78,3,4646,8,4,0.615384615,legitimate
https://docusignsecuredocuadmin.weebly.com/,43,1,41,2,5230,2,1,0.024390244,phishing
http://mail.midyatmimaritas.com/wp-includes/images/media/document/3253/,71,1,38,2,778,8,0,0.578947368,phishing
http://justlookapp.com/blog/wp-content/themes/storefront/assets/fonts/d77722bd1cf46a12214c17ad4b362a5c/,103,1,88,1,2047,9,8,0.102272727,phishing
http://179.185.89.94/,21,0,76,3,-1,8,0,0.065789474,phishing
https://www.mssqltips.com/sqlservertip/3683/new-features-in-sql-server-management-studio-for-sql-server-2016/,109,0,170,2,5207,15,4,0.052941176,legitimate
http://wpcorporate.sfdevserver.com/wp-content/themes/twentyseventeen/template-parts/navigation/updateinfo/account/app/captcha/captcha,133,0,0,2,3674,14,3,0.0,phishing
http://vintaytime.com/premium/best-search-engines/,50,1,44,1,2213,5,0,0.318181818,legitimate
http://www.yourdictionary.com/word-processing-machine,53,0,185,2,7584,5,4,0.005405405,legitimate
http://www.thepaperdesign.com/of,32,1,23,2,-1,3,3,0.130434783,phishing
https://www.top10coins.pro/page/?partner=index.html,51,0,31,3,1159,6,3,0.35483871,legitimate
https://issa365-my.sharepoint.com/:b:/g/personal/gayle_issa_com/EXZKHyNDpmNLkwqqX7aIm38B7-aPg_sR1mfS8RBKsmR0Jg?e=Gamj2I,119,1,26,2,8018,14,3,0.884615385,phishing
http://ps360.co.in/wp-admin/Ali2015/index.html,46,1,0,3,-1,6,0,0.0,phishing
http://pu.edu.pk,16,0,45,2,-1,1,0,0.6,legitimate
https://headcamatu.files.wordpress.com/2015/10/schema-cable-serial-null-modem.pdf,81,0,0,3,7446,11,2,0.0,legitimate
https://firebasestorage.googleapis.com/v0/b/ionos33.appspot.com/o/index.html?alt=media&token=7c8d7a04-9fbb-4796-bed2-e25a9cd6460f#walter@evezard.fr,147,0,0,3,5660,20,4,0.0,phishing
https://www.manualslib.com/manual/680220/Sierra-Wireless-Telstra-Ultimate-Mobile-Broadband-Usb-Modem.html,105,0,177,3,3037,13,6,0.028248588,legitimate
https://gruposumar.com.ar/wp/wp-content/plugins/images/e,56,1,36,2,-1,7,0,0.5,phishing
http://www.doc.google.share.pressurecookerindia.com/clients/?7777772e646f632e676f6f676c652e73686172652e7072657373757265636f6f6b6572696e6469612e636f6d.php=,154,1,8,3,4407,8,20,0.0,phishing
http://web-adminportal.my-free.website/,39,0,47,2,-1,4,1,1.0,phishing
http://grupwasekolah.000webhostapp.com/login.php,48,1,33,3,1547,4,4,0.727272727,phishing
https://ru.wikipedia.org/wiki/IRC,33,0,543,2,7130,4,0,0.051565378,legitimate
https://www.batesfamilyblog.com/,32,0,198,2,2037,2,3,0.494949495,legitimate
http://xeberler.az/new/,23,0,22,1,-1,2,0,0.181818182,legitimate
http://www.cel.ro/,18,0,17,2,5834,2,3,0.470588235,legitimate
http://www.drahim.com/forum/index.php,37,1,571,3,4182,5,3,0.00525394,legitimate
https://www.natural1.it/,24,0,129,2,6769,2,3,0.085271318,legitimate
http://www.smashtt.com/,23,0,54,2,2545,2,4,0.481481481,legitimate
http://www.excel-easy.com/examples/shortest-path-problem.html,61,0,54,3,3561,8,3,0.055555556,legitimate
https://www.452901.com/,23,0,9,2,867,2,3,0.0,phishing
http://mysticalaltai.blogspot.com/,34,0,71,2,7298,2,0,0.830985915,legitimate
http://promehedinti.ro/wp-admin/js/js/swo/gps/file/,51,1,28,1,4004,8,0,0.0,phishing
http://faktor.rs/nasulaz/images/cp/index.php,44,1,0,2,-1,6,0,0.0,phishing
https://www.us-passport-service-guide.com/,42,0,9,2,6497,5,4,0.7777777779999999,legitimate
https://lnk.pmlti-etai-2.ovh/5AriqULhaqbrEMykcc9Q3rRuAjiQj696Z115121108099097100101116064111114097110103101046102114c55Ur1200267/document.html,142,1,0,3,-1,7,23,0.0,phishing
http://phoceephone.blogspot.com/,32,0,175,2,7297,2,1,0.508571429,legitimate
https://app.box.com/s/kn1nnobyf14ul774pn0e1yywtv6xolfe,54,1,58,2,7828,4,4,1.0,phishing
http://setuprouter.com/router/smartrg/sr500n/manual-1242.pdf,60,0,0,2,5271,7,1,0.0,legitimate
https://www.wikiwiseman.com/,28,0,120,2,4099,2,3,0.083333333,legitimate
http://apple.com.aieuv.cn/mim/t0598zry5c01h7w60ff18955z55j1wq48us00r6uo0394k5384.html,85,1,0,3,-1,6,5,0.0,phishing
https://support-appleld.com.secureupdate.duilawyeryork.com/ap/14c06909f4e315e?cmd=_update&dispatch=14c06909f4e315e60&locale=_US,127,1,4,3,4003,13,2,0.0,phishing
https://urbanmeisters.ovh/wp-admin/css/colors/blue/sparka/DE,60,1,13,1,-1,8,1,0.0,phishing
https://www.sivepro.com/web/bb,30,1,0,2,2975,4,4,0.0,phishing
http://xn--b1amvejg.com/wp-content/plugins/.akismet/mail.htm?cmd=LOB=RBGLogon&amp;_pageLabel=page_logonform&amp;secured_page,124,1,0,3,2108,17,0,0.0,phishing
https://my3-account.com/three/,30,1,184,1,-1,3,2,0.086956522,phishing
http://www.elecdude.com/2012/12/avr-spi-serial-pheripheral-interface.html,73,0,174,3,2775,10,3,0.563218391,legitimate
http://www.dictionary.com/browse/commander,42,0,132,2,9205,4,4,0.212121212,legitimate
http://idiamante.com.br/new/office-2D1,38,1,24,2,-1,4,1,0.541666667,phishing
http://union.gr/components/PDF/MIEN/index.html,46,1,150,2,-1,6,0,0.1,phishing
http://accountchckecker-update-now.drpiza.com/accountasecurre/update-information--safety-and-securit/V4/myaccount/websc_login/?country.x=US&amp;locale.x=en_US,158,1,1,3,3157,21,4,0.0,phishing
https://support-appleld.com.secureupdate.duilawyeryork.com/ap/ce9f83cca53de77/?cmd=_update&dispatch=ce9f83cca53de7782&locale=_US,128,1,4,3,4003,13,6,0.0,phishing
http://www.skm-eleksys.com/2011/02/transmission-tower-types.html,64,0,173,3,3167,9,5,0.5780346820000001,legitimate
http://www.gminawilkow.pl/modules/blog/Online/index.php,55,1,119,3,1800,7,3,0.18487395,phishing
https://stocktwits.com/symbol/nok,33,0,69,1,4440,3,0,0.130434783,legitimate
http://rentappadmin.propertyform.in/images/wp-image/alibaba,59,1,32,2,-1,6,1,0.0,phishing
http://brooklyncitycollege.co.za,32,0,0,2,4300,1,2,0.0,legitimate
https://vbf9iuherwiu.wl.r.appspot.com/wp-content/php_info.php,61,1,21,3,5615,9,1,0.80952381,phishing
http://www.calculator.net/math-calculator.html,46,0,76,3,8053,5,3,0.013157895,legitimate
https://betasus17.blogspot.com,30,1,14,2,7295,2,0,0.928571429,phishing
http://trendsettercorp.mosquito-digital.com/Adobe02_Sharep01nt/Ver1fy_Office1_Spreadsheet03,91,1,13,2,3815,8,3,0.0,phishing
http://www.icyte.com/system/snapshots/fs1/0/5/d/e/05deeb7f5c0c215bfbbe5ca2e5777b01a7f044b1/,91,1,22,2,7678,10,9,0.590909091,phishing
https://www.fool.com/quote/nok,30,1,242,2,9161,4,4,0.169421488,legitimate
https://o365apps.oa.r.appspot.com/jim@thejimburkefamily.com,59,1,22,3,5626,7,2,0.818181818,phishing
https://magalu-crediario.com/Produto_64913/produto.php?sku=1967386,66,1,582,2,4,8,0,0.7113402059999999,phishing
https://www.secureupdate.appleld.com.duilawyeryork.com/ap/b1bb8f7b330f452/?cmd=_update&dispatch=b1bb8f7b330f4529f&locale=_US,124,1,51,3,3993,13,8,0.0,phishing
https://623112j4j3.codesandbox.io/fzn,37,1,9,2,1338,3,1,0.111111111,phishing
http://www.bankofamerica.gonatmed.com,37,1,0,3,720,3,3,0.0,phishing
https://www.ticketweb.com/,26,0,69,2,9254,2,3,0.376811594,legitimate
https://azurefetcherstorage.blob.core.windows.net/contentfreshnesshourlyslapiclick/https-secure-bankofamerica-com-auth-forgot-reset-entry-reason-msgsfr01,153,1,61,3,9127,15,2,0.590163934,phishing
https://en.wikipedia.org/wiki/The_Amazing_Race,46,0,1477,2,7133,6,0,0.05619499,legitimate
http://zezewifi.000webhostapp.com/,34,1,119,2,1547,2,4,0.781512605,phishing
https://www.bauteile-shop.eu/,29,0,293,2,-1,3,3,0.006825939,legitimate
http://www.kundaliniyogauruguay.com/,36,0,92,2,4280,2,3,0.043478261,legitimate
https://fitnessfest.sg/,23,0,56,1,1340,1,1,0.607142857,legitimate
https://www.lucistrust.org/,27,0,102,2,8601,2,3,0.18627451,legitimate
https://www.spked.de/de/home.html,33,0,297,3,-1,5,3,0.033670034,legitimate
http://pixel.baltic-dragon.ru/PLUGS/GeneralDomain/,50,1,0,2,4250,5,0,0.0,phishing
https://www.designingbuildings.co.uk/wiki/Select_committee,58,1,211,3,3282,5,6,0.061611374,legitimate
http://steel-apparatus-278809.el.r.appspot.com/,47,1,0,3,5612,6,4,0.0,phishing
http://mashable.com/2017/01/25/cnn-trolls-donald-trump-twitter/,63,0,162,1,5484,9,3,0.135802469,legitimate
http://www.cubaverdad.net/internet_access.htm,45,1,13,3,182,5,5,0.0,legitimate
https://kodi.tv/addons/context-menus,36,0,73,1,2247,4,1,0.1643835619999999,legitimate
https://forums.techguy.org/threads/device-driver-not-found-mscd001.52810/,73,0,232,3,7463,9,1,0.034482759,legitimate
https://incsupdate.tumblr.com/,30,1,0,2,5159,2,0,0.0,phishing
http://www.crestonwood.com/router.php,37,1,17,3,-1,4,4,0.470588235,legitimate
http://www.instructables.com/id/EMB979AFLQES9J3WIJ/,51,1,211,2,5509,4,3,0.037914692,legitimate
http://fr.fireprox.net/direct/aHR0cHM6Ly93d3cuZmFjZWJvb2suY29tL2ltcHJlc3Npb24ucGhwL2ZhMTUyNWYyZjE1ZDk0Lz9hcGlfa2V5PTI2MDg5MDU0NzExNSZsaWQ9MTE1JnBheWxvYWQ9JTdCJTIyc291cmNlJTIyJTNBJTIyanNzZGslMjIlN0Q-,198,1,6,2,2612,4,3,0.333333333,phishing
https://www.beskydy.cz/Content/default.aspx,43,0,244,3,6863,5,3,0.086065574,legitimate
https://47213.app.link/X8N4aOepX4,33,1,8,2,1953,3,1,0.875,phishing
http://universal_en_ru.academic.ru/169585/Internet_Access_Point,63,1,69,2,7156,8,2,0.057971014,legitimate
http://dictionary.sensagent.com/Blackletter/en-en/,50,0,368,2,7123,5,1,0.22826087,legitimate
http://direct.myschoolholidays.com/Fair-Furlong-Primary-School-7769,67,1,37,2,3993,7,3,0.0,legitimate
http://ccmservicios.com.mx,26,0,0,2,2571,1,1,0.0,legitimate
http://www.sanjuancollege.edu/,30,0,261,2,6773,2,4,0.0651341,legitimate
https://www.maxvirtude.com.br/www/verification/,47,1,43,3,-1,4,6,0.488372093,phishing
http://streetfsn.blogspot.com/,30,0,29,2,7297,2,1,0.793103448,legitimate
https://eterrain.ci/wp-includes/SimplePie/deco/hrome/boot/camp/webnet.php?code=2018900,86,1,30,2,384,12,3,0.433333333,phishing
http://haroldwashingtondemocraticclub.org/zxc/swift/payment.htm,63,1,9,2,-1,5,1,0.222222222,phishing
http://www.doityourself.com/stry/the-advantages-and-disadvantages-of-using-a-category-6-cable,93,0,335,2,9047,13,3,0.020895522,legitimate
http://chemsbury.net/scotiabank.app.chemsbury.net/mxonlineV1/leap/signon/ScotiaWeb.html,87,1,108,3,1301,10,1,0.240740741,phishing
https://www.vocabulary.com/dictionary/dynasty,45,0,227,2,8712,4,3,0.0132158589999999,legitimate
http://www.larapedia.com/glossary_of_biology_terms/cladistics_kluh_distiks_meaning_and_definition_in_biology.html,113,1,61,3,3452,15,4,0.0,legitimate
http://www.tutorialspoint.com/javascript/javascript_switch_case.htm,67,0,126,3,5044,7,3,0.055555556,legitimate
http://motores24h.pt,20,0,60,1,-1,1,0,0.033333333,legitimate
https://forms.office.com/Pages/ResponsePage.aspx?id=DQSIkWdsW0yxEjajBLZtrQAAAAAAAAAAAAEVd0wrx-dUM0ZBM1BJSURVRlk5RU9JWEszNE9QTVQxQy4u,132,0,9,3,7764,8,39,1.0,phishing
https://en.wikipedia.org/wiki/?search=SEO,41,0,737,2,7131,5,0,0.124830393,legitimate
http://usbank-link-mupyndtfft---com.illmickelsonbeats.com/,58,1,9,2,1454,5,2,0.666666667,phishing
http://switchedatbirth.wikia.com/wiki/Season_Five,49,0,291,2,6073,5,0,0.302405498,legitimate
http://accrent.webflow.io/,26,0,32,2,2634,2,1,0.9375,phishing
https://www.blackberrys.ru/,27,0,22,2,4493,2,4,0.090909091,legitimate
https://lansparpofa1987.blogspot.be,35,1,24,2,6381,2,0,1.0,phishing
http://microsoftmail.moonfruit.com,34,1,37,2,7621,2,1,0.243243243,phishing
http://nintendo.wikia.com/wiki/Nintendo_Switch,46,0,509,2,6070,5,0,0.286836935,legitimate
http://www.boysfuns.com/,24,0,604,2,4687,2,3,0.013245033,legitimate
http://www.nicaraguafood.org/,29,0,9,2,3904,2,4,0.666666667,legitimate
https://www.facebook.com/VH1,28,0,53,2,8519,3,4,0.377358491,legitimate
http://www.iemss.org/iemss2010/papers/S10/S.10.08.An%20opensource%20model%20platform%20for%20water%20resource%20management%20linking%20models%20to%20a%20generic%20userinterface%20and%20datamanager%20-%20JULIEN%20HAROU.pdf,221,1,0,3,7323,28,5,0.0,legitimate
https://three-gb.com/banks/online.tsb.co.uk,43,1,0,3,10,7,1,0.0,phishing
https://www.surveyrock.com/ts/G4T66F,36,1,21,2,3126,4,4,0.761904762,phishing
http://agrover.uz/.well-known/pki-validation/bancor/440371eec3957e5762615d6dbea81093,84,1,57,2,3289,7,3,0.0,phishing
http://www.cgchannel.com/,25,0,67,2,7637,2,4,0.149253731,legitimate
http://searchsecurity.techtarget.com/definition/firewall,56,0,135,2,7620,4,1,0.362962963,legitimate
http://www.netgazete.com/,25,0,19,2,8104,2,3,0.263157895,legitimate
http://nbtes.simply-winspace.it/fr-fr-v1/Account/Laptop/Sign-In.php?websrc=59c275dc2e97dd3b896ed4ff2b82a8fd&dispatched=39&id=823916409,134,1,0,3,3381,17,3,0.0,phishing
http://www.harbor-cruises.com/,30,0,108,2,5547,3,3,0.953703704,legitimate
https://www.internetslang.com/SMS-meaning-definition.asp,56,0,260,3,6840,6,3,0.011538462,legitimate
http://secureupdate.appleld.com.duilawyeryork.com/ap/031ef937ed415a4/?cmd=_update&dispatch=031ef937ed415a4bc&locale=_RU,119,1,4,3,4003,12,1,0.0,phishing
https://dptc.lunchtimesport.com/v7u?bc=Z4VwlGlicmKcla9xkZpjaHZ4YKCDomZkaKZgY34/jhohermuth%40ethz.ch,99,0,33,3,229,8,0,0.121212121,phishing
http://www.iptvlinkusa.com/,27,0,156,2,1617,2,3,0.916666667,legitimate
http://www.standrew.co.kr/BlueAD/editor/uploaded/img/Caslog1/cas.auth.sc.edu/UofSC.html,87,0,34,3,7647,13,3,0.294117647,phishing
http://forum-catalan.fr/cs/,27,1,0,1,1787,3,0,0.0,phishing
http://www.showwall.com/,24,0,2,2,6240,2,5,0.5,legitimate
http://dic.academic.ru/dic.nsf/ruwiki/131318,44,0,243,3,7157,6,0,0.032921811,legitimate
http://portal.docdeliveryapp.com/?id=SlIbEZeLchXLlXDv%2Bdk%2BRP0pTv%2FrKPWwImCPtDlwrb7DXV8f5QG7DOScqS1C48hcywdEbpJpaTZaHEGC8%2FtvnFVXCYyTzR4mcdaXUoqDn8ZsHtETxwudfX5Ci55lNUblrURqMFXTzpVr85d18KS73m6PjOcFQNLpKknTZ3zslzoXtNlHGPxdVn4W%2B2zSImspbXDbeg%2FiO6Ii%2BXPDhe%2BXhadqGa3%2BqPTaVb%2F0TDT2TjVqWdacomm2e3%2B14hbQLUHJR%2BFkij2T9HCgIWRR4u%2FSOOSWJXLgUY65B84Ct%2FXlARIeXo4gEekeDeHPSwhROcmRjzM2XXjew6gFKedG7%2BoLr8FcXNaTjOL8d%2BbkarZNC9CejUOxYLFwTgjF0euuWXi94q1CNThQ%2BEDRRLgylFl6CH9FanoKXY6ny3GPKIWcOps%3D,501,0,21,2,985,22,15,0.238095238,phishing
http://paypal-verification.applmanager.com/customer_center/user-455331/,71,1,3,2,-2,7,3,0.0,phishing
http://www.online-tech-tips.com/computer-tips/check-for-bad-memory/,67,0,66,2,4848,10,3,0.409090909,legitimate
http://comptesenlignelabanquepostale-fr.surge.sh/?wsost/OstBrokerWeb/loginform?TAM_OP=login&amp;ERROR_CODE=0x00000000&amp;URL=/voscomptes/canalXHTML/identif.ea?origin=particuliers,179,1,25,3,2189,19,23,0.04,phishing
http://www.apazdosenhor.org.br/site/,36,0,12,3,-1,3,3,0.5,legitimate
https://mprestige.com.ua/,25,0,277,2,2165,1,0,0.018050542,legitimate
http://lanzaroteinformation.co.uk,33,0,48,2,1180,1,0,0.729166667,legitimate
http://www.sloaneandhyde.com/imm/new2015/pvalidate.html,55,1,7,3,2563,6,4,0.0,phishing
http://ceramic-pro.gr,21,0,33,1,-1,2,0,0.03030303,legitimate
https://corpuslinguisticmethods.wordpress.com/2014/02/14/query-a-text-corpus-with-python/,89,0,123,2,7445,11,1,0.341463415,legitimate
http://ecopointeu.com/oyi/Exitkorea/upload/index.php?email=nobody@mycraftmail.com,81,1,0,3,1238,10,0,0.0,phishing
https://www.telstra.com.au/broadband/mobile-broadband/plans,59,1,131,3,-1,6,3,0.221374046,legitimate
http://www.downloads.netgear.com/files/SRX5308_DS_12Mar10.pdf,61,1,0,3,9379,8,3,0.0,legitimate
http://bit.ly/35Kp3gG,21,1,0,1,-1,2,1,0.0,phishing
http://variety.com/gallery/the-mickey-mouse-club-famous-members/,64,0,187,1,8712,8,1,0.43315508,legitimate
https://gogoanime1.net/.well-known/acme-challenge/bid/login.php,63,1,7,3,302,8,2,0.142857143,phishing
https://www.evcilbesinleri.com/,31,0,471,2,4148,2,3,0.031847134,legitimate
http://poedb.tw,15,0,984,1,2168,1,0,0.239837398,legitimate
https://en.wikipedia.org/wiki/Computer_hardware,47,0,845,2,7130,5,0,0.062721893,legitimate
https://vousavecvotre.yolasite.com/,35,0,32,2,4503,2,0,0.09375,phishing
https://www.maisonae.fr/jardin-et-bricolage/nettoyeur-haute-pression/,69,0,189,2,1137,8,5,0.396825397,legitimate
https://andresjorge.com.mx/wp-content/themes/seminario/swiss-post%20-tracking/manage/?view=login&appIdKey=fcd00c0656cc490&country,129,1,36,2,2500,15,4,0.611111111,phishing
http://www.Cisco.com/c/en/us/solutions/small-business/resource-center/connect-employees-offices/network-switch-what.html,120,1,155,3,12124,17,8,0.064516129,legitimate
http://epub.wu.ac.at/1923/1/document.pdf,40,1,0,3,-1,6,0,0.0,legitimate
http://press-preview.weebly.com,31,0,183,2,5230,3,2,0.267759563,legitimate
http://www.tomshardware.com/,28,0,100,2,8350,2,3,0.64,legitimate
http://hmt.es/CCNA%20For%20Dummies.pdf,38,1,12,2,-1,5,2,0.25,legitimate
http://mymwebza.usite.pro/Email-LoginMywebhtml.htm,50,1,5,3,1576,5,0,0.6,phishing
http://dictionary.babylon-software.com/dna/,43,1,225,2,2130,4,0,0.373333333,legitimate
https://www.offshoreenergytoday.com/,36,0,260,2,3799,2,5,0.976923077,legitimate
https://www.rackaid.com/,24,0,34,2,6743,2,3,0.323529412,legitimate
http://www.contacthawk.com/templates/beez5/blog/76b49ce9fe560c1e4ab46bee52c1a8eb/,81,1,0,2,535,6,5,0.0,phishing
https://atendimento.rnp.br/otrs/customer.pl?Action=PreLogin;RequestedURL=Action=CustomerTicketZoom;TicketNumber=40192749,120,1,22,3,-1,10,1,0.0,phishing
http://corfuvoice.gr,20,0,27,1,-1,1,0,0.444444444,legitimate
https://en.wikipedia.org/wiki/Commander,39,0,525,2,7134,4,1,0.041904762,legitimate
https://www.computerhope.com/jargon/m/memory.htm,48,0,98,3,8048,6,3,0.081632653,legitimate
http://secureupdate.appleld.com.duilawyeryork.com/ap/2a5644ab2ab47e8?cmd=_update&dispatch=2a5644ab2ab47e89c&locale=_,116,1,51,3,3992,11,3,0.0,phishing
http://officequarentine.com/zebc049e193/c8e95a14b677899d05b624e3/index.php?id=1b69701149ac7d4bd48f4f4ff24567fb,110,1,18,2,523,7,5,0.0,phishing
https://en.wikipedia.org/wiki/Serial_Peripheral_Interface_Bus,61,1,562,2,7133,7,0,0.065836299,legitimate
https://en.wikipedia.org/wiki/Public_domain,43,0,961,2,7130,5,0,0.10301769,legitimate
https://centerforsustainablehappiness.com/go/,45,1,21,1,1245,2,2,0.0,phishing
http://text-analytics101.rxnlp.com/2014/10/all-about-stop-words-for-text-mining.html,84,0,39,3,2079,13,1,0.871794872,legitimate
https://support-appleld.com.secureupdate.duilawyeryork.com/ap/c05f378d59c6ba8/?cmd=_update&dispatch=c05f378d59c6ba805&locale=_US,128,1,51,3,3992,13,2,0.0,phishing
https://www.sibt.nsw.edu.au/,28,0,91,3,-1,2,3,0.087912088,legitimate
http://www.hifimusic.co.il/,27,0,145,3,-1,2,3,0.027586207,legitimate
http://shatorupa.com/receipe/micro/adobe/,41,1,7,1,7967,4,0,0.0,phishing
https://helpathome.jobs.net/,28,0,42,2,8934,2,0,0.142857143,legitimate
http://betasus21.blogspot.com,29,1,14,2,7295,2,0,0.928571429,phishing
http://bryanurbs.com/docusign/doc-new/,38,1,23,1,4370,4,0,0.739130435,phishing
https://www.weddingforward.com/,31,0,20,2,2539,2,4,0.2,legitimate
http://03418f6.netsolhost.com/FF7AADF203DF6C7A0B7C8A74B8164E55/?sec=PucKotsis,77,1,0,2,5783,5,3,0.0,phishing
http://www.jamieoliver.com/recipes/category/dishtype/curry/,59,0,272,2,7605,6,4,0.022058824,legitimate
https://sites.google.com/site/apvrescrims/,42,1,1,2,8347,4,1,1.0,phishing
http://www.encyclopedia.com/literature-and-arts/journalism-and-publishing/libraries-books-and-printing/food-processing-plants,125,0,137,2,8219,15,6,0.051094891,legitimate
http://www.accaparlante.it/,27,0,17,2,7391,2,4,0.705882353,legitimate
https://rinkjcti.livedrive.com/item/37e2d95dd70848fb887c3de99fd8be6b,68,1,18,2,5990,4,3,0.166666667,phishing
http://transact.westminster.gov.uk/docstores/publications_store/E017_GA.pdf,75,1,0,3,-1,8,0,0.0,legitimate
http://cn2.lynmaxonline.com/source,34,1,90,2,-1,3,0,0.211111111,phishing
http://www.webopedia.com/TERM/C/CLI.html,40,0,164,3,8147,6,3,0.359756098,legitimate
http://www.nicasiabank.com/,27,0,34,2,2732,2,3,0.441176471,legitimate
http://mobile-my3.com,21,1,115,1,2,2,0,0.034782609,phishing
http://animalwelfareinc.org/wp-content/themes/ado/adobelatest/adbx/home/index.php,81,1,12,2,7267,10,0,0.0,phishing
https://lingust.ru:443/,23,1,95,1,3659,1,0,0.021052632,legitimate
https://www.instagram.com/toryburch/,36,0,62,2,5891,3,3,0.0,legitimate
http://marketinghelper.com.au/themes/sports/wp-content/net/c74c4bf0dad9cbae3d80faa054b7d8ca,91,1,11,2,-1,7,1,0.0,phishing
http://surfeventsco.com/cgi-/,29,0,0,1,539,2,0,0.0,phishing
http://java-source.net/open-source/uml-modeling,47,0,101,1,5994,6,0,0.0,legitimate
https://www.globalhunt.in/,26,0,330,2,-1,2,3,0.033333333,legitimate
https://www.merriam-webster.com/dictionary/ionosphere,53,0,268,2,7837,5,4,0.231343284,legitimate
https://betasussgiris.blogspot.com/,35,1,14,2,7295,2,1,0.928571429,phishing
https://www.scientificamerican.com/article/succession-science-are-fingerprint-patterns-inherited/,97,0,94,2,8481,9,6,0.585106383,legitimate
http://www.climbingweather.com/Iowa/Backbone-State-Park,55,0,53,2,5184,6,3,0.132075472,legitimate
https://accounts-google-com.5v.pl/login/,40,1,10,2,-1,5,2,0.0,phishing
http://www.patternsandshades.com/up_chhhze1/index.php,53,1,0,3,115,6,7,0.0,phishing
http://www.catbox.ro/,21,0,32,2,2179,2,3,0.25,legitimate
http://chantale.e-monsite.com/pages/page.html,45,1,108,3,5985,6,0,0.018518519,phishing
https://usuarios-verificar-identidad-xyz.preview-domain.com/Bancolombia/#no-back-button,87,1,7,2,254,10,1,0.142857143,phishing
https://www.aace.com,20,0,379,2,-1,2,4,0.052770449,legitimate
https://www.computerhope.com/jargon/p/paraport.htm,50,0,77,3,8044,6,3,0.103896104,legitimate
https://www.wincalendar.com/,28,0,112,2,5861,2,3,0.053571429,legitimate
http://rockysite.net/mobile/Login-Acc.php,41,1,41,2,1899,5,1,0.1707317069999999,phishing
http://www.mobilexpose.com/,27,0,130,2,1616,2,3,0.715384615,legitimate
https://drive.google.com/file/d/1LUvtjMTfQbe85qV2zd_iQz9cVRtn8Epj/view?usp=sharing,82,1,10,2,8347,9,1,1.0,phishing
http://creative-punch.net/2014/10/intro-html5-speech-synthesis-api/,67,0,26,1,2497,9,1,0.346153846,legitimate
http://www.taxpark.com/journal/images/about.jpg/,48,1,0,3,7741,6,3,0.0,phishing
https://fr.imsly.com/direct/aHR0cHM6Ly93d3cuZmFjZWJvb2suY29tL3RyLz9pZD05MjYzMjk2OTczODk4MTcmZXY9UGl4ZWxJbml0aWFsaXplZCZkbD1odHRwJTNBJTJGJTJGZnIuYmxld3Bhc3MuY29tJTJGZGlyZWN0JTJGYUhSMGNEb3ZMM2QzZHk1bllYcDZaWFIwWVM1bmNpOC0mcmw9JmlmPWZhbHNlJnRzPTE0NjY3NDUxNzQwOTE-,260,1,6,2,4967,4,4,0.333333333,phishing
https://www.agri72.fr/V4/ajax/.check/becc1dd370c40fc36d97ac749acceaa3/secureaccount.php?country.x=GB&locale.x=en_GB&customer.x=ID-PA$1$57rBQkXx$VHibD4L3Vr3TfNFFfDRQ/1&safety=PZV8T4dNEIdf8Cc99SpbcKo3egb9XFjenD513b402UOa2eiWAcaBaM1ruG7xm6k4y0w9f1dcQhfs111YHlaJ7t0vRzL6q1,268,1,163,3,7105,22,17,0.122699387,phishing
https://www.rentcafe.com/,25,0,33,2,5800,2,3,0.696969697,legitimate
https://www.freebsdmall.com/cgi-bin/fm/history,46,0,37,2,8056,6,5,0.594594595,legitimate
http://utrackafrica.com/administrator/help/en-GB/activation.php?email=abuse@domain.com,86,1,6,3,3977,11,0,0.166666667,phishing
https://www.tessafowler.com/,28,0,116,2,4412,2,4,0.5775862070000001,legitimate
http://www.ciscopress.com/articles/article.asp?p=31276,54,0,123,3,8705,7,4,0.06504065,legitimate
http://www.allproducts.com/ee/honber/fingerprint-safe.html,58,0,66,3,8685,7,5,0.015151515,legitimate
https://cn2.lynmaxonline.com/source/validate.php?src=DluZDluZHNmNDBlb2RzaDluZHNmNDDBlb2RzaTRpZWprMzBka2prZWtjamtkIGNuZmk0bmZpbTRpZWprMzBka2prZWtjamtkIGNuZmk0bmZpbHNmNDBlb2RzaTRDluZHNmNDBlb2RzaTRpZWprMzBka2prZWtjamtkIGNuZmk0bmZpbpZWprMzBka2prZWtjamtkIGNuZmk0bmZpbZWppZXdpb2U5NDluZHNmNDBlb2RzaTRpZWprMzBka2prZWtjamtkIGNuZmk0bmZpb25ja29uc2NrIGtjIGtqIHZqayBj&email=,361,1,90,3,187,8,2,0.211111111,phishing
http://www.freemake.com/blog/best-iphone-music-downloaders-to-get-free-tracks/,78,0,51,2,5910,11,5,0.1372549019999999,legitimate
https://drive.google.com/file/d/1jIXB69T_Nw9tMKHvfrejKfZOf3D-IJeT/view,70,1,10,2,8347,8,1,1.0,phishing
http://www.yetpack.com/IMGwfn/verification/2AB54A69087A08B7A171/index.php?country.x=US-United+States&lang.x=en,110,1,259,3,3825,14,3,0.7760617759999999,phishing
http://bayanicgiyimsitesi.somee.com/,36,0,16,2,6349,2,1,0.875,phishing
https://for-sale.yakaz.com/digital-cameras,42,1,24,2,5456,5,0,0.25,legitimate
https://en.wikipedia.org/wiki/Provenance,40,0,961,2,7131,4,0,0.074921956,legitimate
http://cecmultiservice.it/blog/profile/,39,1,0,1,2718,3,0,0.0,phishing
https://lancemyboi2k17.tumblr.com/#_=_,38,0,16,2,5160,3,0,0.375,legitimate
https://disq.us/?url=https%3A%2F%2Fcompte-suspendu483.tk%2Fcaptcha%2F&key=uoUEJqMFVkrmu_Mnfmlqeg,96,0,0,2,4842,13,1,0.0,phishing
http://thejockstrapenthusiast.tumblr.com,40,0,5,2,5159,2,0,0.6,legitimate
https://www.seniorsignite.com/,30,0,30,2,-1,2,3,0.266666667,legitimate
http://www.support-appleld.com.secureupdate.duilawyeryork.com/ap/4e075052aef945e?cmd=_update&dispatch=4e075052aef945ef1&locale=_US,130,1,51,3,3992,14,5,0.0,phishing
https://morph.sydney/img/wp/owa/logon/html/web/port/login.php?ul=_LkeFUq_VJOXRTIPtoGYDw17dsfsfd18&fid.18InboxLight.aspxn.1774256418&fid.1r245964252813InboxLight94552_Product-email&email=franc.kuhar@iskraemeco.com,212,1,7,3,-1,26,2,0.0,phishing
https://www.facebook.com/TrafficShoe,36,0,53,2,8520,3,5,0.377358491,legitimate
http://dailynylon.tumblr.com,28,0,5,2,5160,2,0,0.6,legitimate
http://mobiliablog.com.au/bin/mySign%20in%20-%20Adobe%20File.html,65,1,4,3,-1,8,0,0.0,phishing
http://bootnbonnet.org/wp/wp-includes/Text/excel/excel/excel/login.php?cmd=login_submit&amp;id=e4b7fc3f7155c088892cb6005e9a0296e4b7fc3f7155c088892cb6005e9a0296&amp;session=e4b7fc3f7155c088892cb6005e9a0296e4b7fc3f7155c088892cb6005e9a0296,236,1,10,2,3047,17,23,0.0,phishing
https://www.youtube.com/user/CBSThisMorning,43,0,55,2,5637,4,3,0.527272727,legitimate
http://lbcpzonasegurabeta.rf.gd/,32,1,1,2,-1,2,0,0.0,phishing
https://www.pomponik.pl/,24,0,288,2,4875,2,3,0.21875,legitimate
http://www.iqfilms.com/Auth/638f48d57ed6d6a7587164eb971e649dOWRlNWM5ODBiYWM2Nzc5MWMyNTUxZTA4MWY3ZjQxN2E=/,105,1,1,2,5963,4,3,0.0,phishing
https://www.soundjay.com/dial-up-modem-sound-effect.html,56,0,89,3,4473,8,4,0.04494382,legitimate
https://www.oberoirealty.com/,29,0,77,2,3938,2,3,0.0779220779999999,legitimate
http://gizmodo.com/everything-you-can-and-cant-do-with-the-new-nokia-331-1792785860,83,0,157,1,6597,13,1,0.280254777,legitimate
http://www.thepaperdesign.com/of/,33,1,23,2,-1,3,3,0.130434783,phishing
http://www.addictivetips.com/windows-tips/simple-text-splitter-split-large-text-files/,86,0,61,2,4352,11,5,0.393442623,legitimate
http://www.pedigreedatabase.com/articles.html?s=training-a-sar-search-and-rescue-dog,84,0,50,3,6246,12,4,0.1,legitimate
https://marketdeliverytoday.blogspot.com/,41,1,14,2,7295,2,0,0.928571429,phishing
https://www.autolikesfree.net/,30,0,48,2,933,2,4,0.4166666670000001,phishing
https://nil-day.sparkdesignlabs.com/tz?no=ZIFwlWtpaWKclbOlkpplaJWkYsBxj2o/eric.linden%40telenet.be,98,1,25,3,41,10,1,0.16,phishing
http://www.support-appleld.com.secureupdate.duilawyeryork.com/ap/d04611997ac5697?cmd=_update&dispatch=d04611997ac569776&locale=_,128,1,4,3,4003,13,10,0.0,phishing
http://www.thefullwiki.org/Latency_stage,40,1,63,2,4217,4,4,0.222222222,legitimate
http://www.thatsmint.work/ilir.thatsmint.work/irs,49,1,56,3,-1,6,3,0.0,phishing
https://www.planetparfum.com,28,0,70,2,3621,2,3,0.171428571,legitimate
http://heroes-fansubs.blogspot.com,34,0,48,2,7296,3,0,0.520833333,legitimate
http://vevobahissgir.blogspot.com,33,1,14,2,7295,2,1,0.928571429,phishing
http://www.internetserviceproviders.org/in/seattle/,51,0,139,2,3727,4,4,0.71942446,legitimate
https://absa.ent.box.com/,25,1,89,3,7827,3,0,0.573033708,phishing
https://en.m.wikipedia.org/wiki/House_Intelligence_Committee,60,1,375,3,7133,7,4,0.093333333,legitimate
https://jayscottonair.tumblr.com/#_=_,37,0,61,2,5159,3,1,0.245901639,legitimate
http://www.rishtapao.com/login/paypal/users/userID-55847/signin/?country.x=GB&amp;locale.x=en_GB&amp;Auth=%20mGTEqsFjfaZbT0QWtjooEUk2cILJqxgS40XkjcKF,149,1,22,3,1098,17,5,0.272727273,phishing
http://hotmailsecure.brilliantbokeh.com/HotmailNEW/,51,1,7,2,2306,3,1,1.0,phishing
http://aicai.it/articoli/calendario/images/config/alegati/css/images/css/,73,1,169,1,7148,9,2,0.059171598,phishing
https://www.menubus.audio/,26,0,36,2,1366,2,3,0.4166666670000001,legitimate
https://www.youtube.com/user/linkinparktv,41,0,55,2,5636,4,3,0.527272727,legitimate
https://www.calculoid.com/,26,0,121,2,2651,2,3,0.090909091,legitimate
http://kentridge.lk/a,21,1,31,1,-1,2,0,0.161290323,phishing
http://www.madehow.com/Volume-5/Computer-Mouse.html,51,0,43,3,5309,7,3,0.302325581,legitimate
http://regina.ninetendev.com/wp-admin/css/0001,46,1,0,2,-1,6,4,0.0,phishing
http://www.homespottersf.com/sm/googledocs1/,44,1,4,2,2793,4,5,0.0,phishing
http://bectechnologies.net/wordpress/wp-content/uploads/2015/08/BEC_8920NE_QSG_v1.0_2014_0711.pdf,97,0,41,3,5729,15,2,0.609756098,legitimate
https://www.artistrybysonny.com/,32,0,108,2,1138,2,4,0.5,legitimate
https://www.ghacks.net/2008/12/29/abiword-a-lean-word-processing-machine/,73,1,20,2,5406,11,5,0.55,legitimate
http://216.119.108.161/2E53A646FA276B422409A1531AA9CC58/,56,1,0,3,-1,9,5,0.0,phishing
http://loledco.com/httpd/,25,1,1,1,2197,2,1,1.0,phishing
http://shadetreetechnology.com/V4/validation/c7578a7b6e0567d782b0df995a951de3,77,1,30,1,5767,4,2,0.033333333,phishing
http://legal-dictionary.thefreedictionary.com/Incorporation+Doctrine,68,0,216,2,6259,4,1,0.12962963,legitimate
http://individual.utoronto.ca/reimand/paper_pdf/Reimand_genome2network_review.pdf,81,0,0,3,7236,9,0,0.0,legitimate
http://totolive.sportstoto.com.my/stoto/,40,0,38,3,-1,3,0,0.0,legitimate
http://www.gsmarena.com/nokia_3310_(2017)-8597.php,50,0,155,3,7343,7,4,0.051612903,legitimate
http://unitedstate-01.webcindario.com/app/facebook.com/?key=3PCmNCsKVn&amp;lang=en,82,1,1,3,7083,10,2,1.0,phishing
https://www.kkumag.hr/wp-includes/js/jquery/ui/x4x/v4/bc208e50b12d3ee/login.php,79,1,4,3,2618,12,5,0.0,phishing
http://fireplacesurrounds.co.za/info/auth/view/share/,53,1,5,2,2484,5,1,1.0,phishing
https://en.wikipedia.org/wiki/DNS_hijacking,43,0,378,2,7134,5,0,0.113756614,legitimate
https://papereggplant.com/res/login.php,39,1,85,2,59,4,1,0.870588235,phishing
http://docwiki.cisco.com/wiki/Internetworking_Case_Studies_--_Using_the_Border_Gateway_Protocol_for_Interdomain_Routing,119,1,0,2,12126,14,0,0.0,legitimate
